psraid,cregion,fips,state,kidage,kidgen,age,educ,income,playgame,k17game,k28game
634,1,34017,34,16,1,35,3,4,1,"MADDEN, NBA LIVE, NASCAR",
16854,1,34003,34,13,2,56,5,5,1,"THE SIMS 2, CRAZY TAXI 4, SIM PETS","WORD SEARCH, BRAIN TEASERS, POLITICAL GAMES"
14856,1,34003,34,14,1,53,7,8,1,"CALL OF DUTY 4, GUITAR HERO 3, ORANGE BOX",
14752,1,34003,34,12,1,52,6,8,1,"HALO 3, GUITAR HERO, MARIO GALAXY",
115,1,34003,34,14,1,55,7,6,1,"HALO 3, GUITER HERO, BLOON'S POWER DEFENSE 2",
1404,3,11001,11,17,1,63,5,6,1,"HALO 3, RAINBOW6, FINAL FANASTY",
14866,1,9009,9,12,1,33,7,8,1,"GEARS OF WAR, HALO 3, MADDEN 08",
4152,1,9009,9,13,2,50,3,8,1,"THE 'SIMS, THE SIMS 2, CREATURES",
14797,1,9009,9,17,1,51,3,7,1,"MEDAL OF HONOR, GUITAR HERO, MADDEN 08",
14771,1,9001,9,13,1,38,6,7,1,"HALO 3, GUITAR HERO,|MARIO PARTY",
6035,1,9001,9,14,2,52,4,5,1,"PACMAN, TETRIS",
3123,1,9009,9,17,1,40,6,6,1,PRO EVOLUTION SOCCER 2007,
14762,1,9009,9,13,1,39,2,1,1,"DRAGON BALL Z, BUDDHA KAI, TEN KAI EG",FUN BRAIN
15798,3,1009,1,17,2,42,9,5,1,"SODUKO, CROSSWORD PUZZLES, WORD SEARCH",WORD SEARCH
16342,3,1063,1,16,2,42,6,3,0,,
6417,3,1115,1,13,2,42,3,5,1,THE SIMS: CASTAWAY,
3926,3,1117,1,13,1,44,7,6,1,"TETRIS, MEDAL OF HONOR, NCAA FOOTBALL 07",
8412,3,1073,1,16,1,46,5,9,1,"HALO 3, CALL OF DUTY 4, TETRIS",
14823,3,1073,1,15,1,45,5,5,1,"MADDEN, DOUBLE 07",
6106,4,53033,53,17,2,60,3,9,1,,
9871,4,53033,53,16,1,52,5,5,1,"MARIO KART, TETRIS",
15895,4,53033,53,17,2,48,6,9,1,"SOLITAIRE, TETRIS, HEARTS",
9315,4,53033,53,14,1,47,6,7,1,"MEDAL OF HONOR, FRONTLINE, HALO 2",HYPERSHARK OR TETRIS
11403,1,23031,23,13,1,57,5,6,1,"WORLD OF WARCRAFT, HALO 3, RISE OF THE NINJA",
8874,4,16045,16,15,1,39,3,4,1,"RAINBOW SIX, MADDEN 08, WORLD OF WARCRAFT",
4903,4,16001,16,15,2,47,5,5,1,GUITAR HERO,
8260,4,16027,16,12,2,30,2,3,1,STRATEGIC GAMES,TYPE TO LEARN
15366,4,16055,16,13,2,38,5,9,1,I DON'T KNOW....DON'T PLAY MANY GAMES,FOR A SOCIAL STUDIES CLASS...PUTTING ALL THE STATES TOGETHER.
6138,4,16005,16,15,2,48,5,7,1,,
15143,4,16055,16,14,1,33,3,9,1,"BURNOUT, DEVIL MAY CRY,  GUITAR HERO",NO RESPONSE
5191,4,16001,16,14,1,31,3,6,1,,A MATH GAME
3701,4,6047,6,13,2,32,5,5,1,"RATCHET AND CLANK, FROGGER, SPONGEBOB",
5066,4,6077,6,16,2,49,6,7,1,,
13361,4,6099,6,14,1,35,5,8,1,"ROCK BAND, HALO 3, BIOSHOCK",READER RABBIT
13355,4,6099,6,14,2,41,3,4,1,"SOLITAIRE, MARIO KART RACING",GAME OF MATHEMATICS
3381,4,6109,6,13,2,36,5,9,1,"UNO, MARIO, CAR RACING GAME",
3245,4,6047,6,15,2,51,7,8,1,"SOLITAIRE, WORD GAMES",
15897,4,6077,6,17,1,47,3,8,1,"GEARS OF WAR, HALO 3, STARCRAFT",OREGON TRAIL
2678,4,6099,6,13,2,43,6,8,1,"NARUTO, MARIO KART",
14774,3,48029,48,12,2,32,6,5,1,"SUPER MARIO, DOGS, HALO 03",
14826,3,48029,48,15,2,58,3,3,1,"GRAND THEFT AUTO, HALO 2",
10095,3,48029,48,16,1,40,6,6,1,"HALO 3, THE ELDERSCROLLS IV OBLIVION, FINAL FANTSY 2",COUNTER STRIKE
14968,3,48029,48,14,2,39,4,1,1,"THE SIMS, TETRIS, SALOY SALON",
8017,3,48029,48,16,1,51,7,6,1,"ASSASSIN'S CREED, HALO 3, GUITAR HERO 3",
8660,3,48029,48,12,1,41,6,6,1,"GUITAR HERO 3, WORLD OF WARCRAFT, HALO 3",
14765,3,48029,48,13,1,49,5,5,1,,MATH 2
5033,3,48029,48,14,2,44,6,4,1,"YACHTZEE , WII SPORTS, CARD GAMES",
14758,1,36061,36,14,1,58,7,8,1,"NBA 2K8, MADDEN 08, TENNIS",
7827,1,36061,36,12,2,37,5,3,1,"HANNAH MONTANA, THATS SO RAVEN, THE SUITE LIFE OF ZACH AND CODY",
1278,1,42101,42,13,1,40,3,1,1,"BATTLE ON, HALO, SUPER SMASH BROTHERS",SMASH 24
3761,1,42101,42,16,1,56,3,8,1,"WORLD OF WARCRAFT, MADDDEN 08, HALO 3",
5460,1,42017,42,16,1,52,7,7,1,"AMERICA'S ARMY, MADDEN, CRASH BANDICOOT",
14212,1,42017,42,15,2,49,7,8,1,"DANCE DANCE REVOLUTION, GUITAR HERO",
1954,1,42101,42,12,1,51,1,1,1,"WRESTLING 08, NBA LIVE 08, MADDEN 08",
7237,1,42017,42,12,1,52,3,7,1,"SPORTS GAMES, LIKE BASEBALL, BASKETBALL, FOOTBALL","I FORGET, IT WAS A PRETTY LONG TIME AGO"
10369,2,39035,39,14,2,47,7,8,1,TETRIS,
6468,2,39035,39,15,1,39,3,3,1,"BASKETBALL, FOOTBALL, GRAND THEFT AUTO VICE CITY",
7273,2,39035,39,16,1,46,5,9,1,"NBA LIVE 2005, MADDEN, GREMP THE FIRST ONE",I CAN'T THINK OF THE NAME
5292,2,39035,39,15,2,46,6,8,1,"THE SIMS, GUITAR HERO, THE LEGEND OF ZELDA",
13995,2,39035,39,14,2,35,6,6,1,,
14868,2,39035,39,13,2,32,3,3,1,,
16110,2,39035,39,12,1,33,5,2,1,"TEKKEN IV, GRAND THEFT AUTO: SAN ANDRES, MX VS ATV ONLEASH",
1084,2,17019,17,17,1,45,5,8,1,"NBA LIVE 08, MADDEN 08, CALL OF DUTY",
16779,2,17001,17,14,1,42,3,6,1,"MLB THE SHOW, ATV OFF ROAD FURY, SOCOM",
1541,2,17067,17,12,2,32,5,9,1,"LEGO STAR WARS, JAMES BOND 007 NIGHTFIRE, LEGO STAR WARS 2",
7212,2,17167,17,15,2,46,6,8,1,DK,
14874,2,17167,17,13,1,43,7,8,1,"HALO 3, GUITAR HERO 3, ASSASIN'S CREED",
14896,2,17167,17,13,1,43,7,8,1,"MADDEN 08, SUPER MARION GALAXY, MERCURY MELDOWN EVOLUTION, MLB 2004",CHOPPER
9688,2,17035,17,17,2,53,5,7,1,"FOURWHEELER RACING, ZUMA, HEARTS",
15768,2,27061,27,16,2,39,5,6,1,"GUITAR HERO, SING STAR, AND DANCE DANCE REVOLUTION",
7894,2,27007,27,15,2,49,6,2,1,"SONIC, SOLITARE, MINESWEEPER",
16109,2,27137,27,17,1,43,4,7,1,"GUILD WARS, NHL 2K8, GUITAR HERO 3",
14941,2,27137,27,17,1,48,3,2,1,PLAYSTATION,
5271,2,27075,27,15,2,45,3,3,1,"BUG ON A WIRE, SOLITAIRE, GUITAR HERO",NUMBER CRUNCHERS
8723,2,27017,27,14,1,40,5,6,1,"GHOST RECON, SPLINTER CELL, CALL OF DUTY 4",SIM CITY 4
1405,2,18089,18,12,1,39,3,5,1,"NINTENDOGS, NHL 2K7 HOCKEY, NARNIA",TYPING GAME
11371,2,18127,18,17,1,45,7,5,1,GUITAR HERO,
784,2,18089,18,15,1,45,3,3,1,"HALO, MADDEN",
2327,3,22033,22,15,2,99,2,3,1,"RATCHET AND CLANK, THE SIMS 2, GRAND THEFT AUTO",
14885,3,22033,22,17,1,51,5,9,1,"HALO 3, GUITAR HERO 3, NCAA 08",LEARNING GAME - SPANISH
8119,3,22063,22,14,2,53,2,2,1,"BUBBLE POPPIN, RAVIN BAXTER, FAIRLY ODD PARENTS",MAVIS BEACON
15863,3,22063,22,17,1,54,3,6,1,"GUITAR HERO 3, DANCE DANCE REVOLUTION 3, DANCE DANCE REVOLUTION DISNEY",
8236,3,22033,22,14,1,43,7,8,1,"MADDEN 07, NCAA07, THE HIT AND RUN",
8046,3,22063,22,12,2,31,3,4,1,"WORD SEARCH, SODUKO, CROSSWORD PUZZELS",
16789,3,28045,28,17,2,42,6,3,1,"SOLITAIRE, SODUKU, SCENE IT",SAT REVIEW GAME
15595,3,13253,13,17,1,47,3,6,1,"HALO, WORLD OF WARCRAFT, CALL DUTY OF 4",
3752,2,26107,26,12,1,47,6,4,1,"SUPER SMASH BROS, STAR WARS BATTLEFRONT 2, HALO 1",
15597,2,26121,26,17,2,44,5,6,1,"SPIDER SOLITARE, MAHJONGG","MATH ACTIVITIES, CHEMISTRY GAMES ON LINE ABOUT BLOOD DONORS"
15356,3,12071,12,12,1,34,5,8,1,"MEDAL OF HONOR-RISING SUN, CALL OF DUTY 3, OBLIVION",
1823,2,26125,26,12,1,46,6,6,1,"THE SIMS, MOB TYCOON, WWF SMACKDOWN",MATH BUSTERS
12582,2,26125,26,17,1,52,5,8,1,"WORLD OF WAR CRAFT, SUPER MARIO",LEMONADE STAND
2182,2,26125,26,16,2,51,5,8,1,"TETRIS, DANCE DANCE REVOLUTION",
15794,2,26125,26,16,1,57,5,7,1,"MADDEN 2008, NBA LIVE 2008, MADDEN 2007",
2255,2,26125,26,15,2,49,6,8,1,"WORLD OF WARCRAFT, GUIATAR HERO, MARIO",
16343,3,1003,1,13,2,50,6,8,1,"GUITAR HERO, DANCE DANCE REVOLUTION, ROCK BAND",
622,3,1097,1,16,2,44,5,6,1,,
1889,3,1097,1,17,2,53,6,7,1,"GUITAR HERO, AMPLITUDE",
16865,3,37031,37,12,2,36,5,7,1,LIKE THEM ALL,MATH GAME
3050,3,37049,37,12,1,39,3,5,1,"NCAA 07 BASEBALL GAME, MADDEN 08",FUN BRAIN
11558,3,37083,37,12,1,40,3,5,1,GOD OF WAR,
8365,3,37013,37,15,1,53,3,6,1,"NEED FOR SPEED UNDERGROUND 2, GRAND THEFT AUTO: SAN ANDREAS, BLACK",
10334,3,37139,37,16,1,41,6,3,1,"NBA 2K7, GRAND THEFT AUTO: SAN ANDREAS, NFL 2008",
11503,3,37127,37,13,1,99,6,9,1,"NCAA FOOTBALL, NCAA BASKETBAL, FIFA SOCCER",
11227,3,37127,37,15,1,43,4,7,1,"HALO, NASCAR",
8360,3,37079,37,17,2,72,1,9,0,,
10871,3,37147,37,14,1,34,5,2,1,"LEGEND OF ZELDA, HALO, NEED FOR SPEED",
5782,3,37187,37,16,2,36,3,2,1,JEWEL QUIST,
9756,3,37013,37,15,2,42,5,5,1,"HALO, INDIANA, NBA",
16098,4,53053,53,14,2,38,6,6,1,"GUITAR HERO, THE SIMS, VIVA PINATA",
15276,4,53053,53,13,1,37,3,3,1,"GUITAR HERO, GOD OF WAR, TONY HAWK",
7315,4,53033,53,16,1,46,4,3,1,"CALL OF DUTY IV, GRAN TURISMO IV, AND STARCRAFT BROOD WARS",
15128,4,53033,53,17,2,55,5,4,1,"FINAL FANTASY, DEVIL MAY CRY, DOFUS",
16403,4,53033,53,13,2,43,3,1,0,,
16094,4,53033,53,15,2,50,7,9,1,"GUITAR HERO, WII TENNIS, TETRIS",
3261,4,53053,53,16,1,42,3,9,1,,
5259,3,48099,48,17,1,45,6,4,1,"NEED FOR SPEED, HALO, MADDEN 2006",
15342,3,48027,48,16,2,34,3,8,1,"TETRIS, BEJEWLED",
4461,3,48027,48,17,1,36,5,6,1,"NFL 2007, THE SIMS 2, HIT MEN",SOME KIND OF COP GAME
9060,3,48143,48,14,2,40,6,7,1,"TETRIS, RED SQUARE, PUZZLES",COOL MATH.COM
11655,3,1089,1,16,1,40,7,7,1,"HALO, DIABLO, BURNOUT",
4389,3,1121,1,13,1,43,3,7,1,"MLB 07, GRAND THEFT AUTO, TOM CLANCY'S RAINBOW SIX: VEGAS",
16326,3,1089,1,14,2,40,3,6,1,"SPYRO, PRIMAL RAGE",
15131,3,1033,1,17,2,50,3,9,1,"NEED FOR SPEED, RESIDENT EVIL 4, THE SIMPSON'S HIT AND RUN",DON'T REMEMBER
5462,3,1071,1,14,2,58,5,5,1,"SOLITAIRE, MANGON, MAGIC MIRRORS",
1768,3,1043,1,13,1,34,6,7,1,"NCAA FOOTBALL 07, NCAA BASEBALL 06",
10279,2,18069,18,17,2,48,5,5,1,,
3252,2,18183,18,15,1,44,5,4,1,"MEDAL OF HONOR AIR BORNE, HALO 3, CALL OF DUTY 4",
6019,2,55133,55,17,1,43,7,8,1,"HALO, SUPER PARTY",
9190,2,55133,55,12,2,49,7,6,1,"THE SIMS, GUITAR HERO, DANCE DANCE REVOLUTION",SURVEY QUIZ
10685,2,55133,55,17,1,49,7,7,1,"HALO 3, ASSASSIN'S CREED, METAL GEAR SOLID",LEMONADE STAND
16322,2,55101,55,13,1,50,3,6,1,"HALO 3, CALL OF DUTY ROADS OF VICTORY, HALO 2",
2862,2,55101,55,15,1,36,5,8,1,"WARCRAFT, QUAKE 3, MARIO",
7206,2,55059,55,17,2,35,5,8,0,,
6855,2,55059,55,13,1,42,6,8,1,DK,
11527,2,26077,26,15,2,37,5,3,1,,
15012,2,26021,26,12,1,44,5,4,1,"ROCK BAND, GEARS OF WAR, MADDEN 2008",NO RESPONSE
17579,2,26021,26,12,2,35,5,4,0,,
1142,2,26005,26,13,2,34,5,4,1,WORLD OF WARCRAFT,MATH GAMES
12119,2,26005,26,12,1,37,3,4,1,"FOOTBALL, NASCAR, HOCKEY",DEAL OR NO DEAL
6627,3,21033,21,17,1,38,5,6,1,"MADDEN 08, HALO, GHOST RECON",CIVIL WAR
18411,3,21163,21,17,2,48,3,6,1,GUITER HERO NASCAR|GRAND THEAFT AUTO,
5339,3,21163,21,12,2,37,3,7,1,,
9584,3,21227,21,12,1,59,6,1,1,"THE SIMS, GRAND THEFT AUTO, GUITAR HERO","IT WAS ABOUT SAVINGS, KIND OF LIKE THE SIMS"
975,3,21047,21,15,1,45,5,7,1,"CALL OF DUTY 3, NASCAR 08, MADDEN",
6418,3,21047,21,17,2,57,7,7,1,"CAR RACING GAMES, SOLITAIRE",DK
956,3,21087,21,16,1,66,3,9,1,"MARIO AND LUIGI: PARTNERS IN TIME, HALO 2",
15160,3,51105,51,16,2,39,5,6,1,"ROCK BAND, DANCE DANCE REVOLUTION, GUITAR HERO",MATH GAME
3364,3,51089,51,15,1,40,3,2,1,"NEED FOR SPEED, CABELA'S DANGEROUS HUNTS, HALO 3",SOME JEPORDY GAME ONLINE
19100,3,51141,51,12,1,53,3,7,1,"MADDEN 2008, GUITAR HERO2, GUITAR HERO 3",
15159,3,48167,48,16,2,40,2,6,1,PACMAN,
15109,3,48201,48,15,2,43,5,8,1,"ROLLER COASTER TYCON, THRILLVILLE, GUITAR HERO",
10801,3,48201,48,15,2,41,6,9,1,"GRAND THEFT AUTO, VOLLEYBALL GAME, RACE TRACK GAME",
15086,3,48201,48,14,2,55,6,1,1,"PSYCHONAUTS, KING OF HEARTS, SUPER MARIO BROTHERS",
2797,3,48201,48,13,1,32,6,8,1,"TRANSFORMERS, FARCRY VENGEANCE AND HALO 3",
15240,3,48039,48,17,1,56,6,9,1,"GUITAR HERO, SUPER MARIO BROTHERS, FINAL FANTASY",
14173,3,48167,48,12,1,36,3,9,1,"MATRIX, GUITAR HERO, MADDEN 2008",
6921,3,48339,48,14,1,65,5,3,1,"GUITAR HERO 3, MAPLE STORY, MADDEN 08",
2553,3,48201,48,14,1,30,3,7,1,"HALO 3, MADDEN",
8018,3,24031,24,13,1,41,7,8,1,"NEED 4 SPEED MOST WANTED, MADDEN 07, TIGER WOODS 07",
16107,3,24031,24,17,1,52,6,9,1,"ROCK BAND, HALO 3, MADDEN",
9094,3,24031,24,17,1,55,5,8,1,"CALL OF DUTY (THE NEWEST ONE), HALO 3",
2175,3,24033,24,12,1,33,6,6,1,"SMACKDOWN 08, SMACKDOWN, 07 MADDEN",
7823,3,24031,24,17,1,50,6,8,1,"CALL OF DUTY 4, HALO 3, COUNTER STRIKE: SOURCE",
15082,3,24017,24,14,2,35,7,9,1,"KINGDOM HEARTS, MARIO GALAXY, WORD WOMP",SOME LEARNING INTERACTIVE GAME FROM THE GOVERNMENT. NOT SURE WHAT THE NAME WAS.
7927,3,24031,24,15,2,55,6,8,0,,
15014,3,24031,24,12,1,51,6,8,1,"CALL OF DUTY 4, WORLD OF WARCRAFT, GUITAR HERO 3",
3938,3,24043,24,15,2,47,7,9,1,"PACMAN, TETRIS, SPYRO",
15095,3,24031,24,12,1,45,6,6,1,"RUNESCAPE, MINI CLIPS",GAME ON MY WEBSITE AT SCHOOL ... HELPS YOU W/GREETING
15328,3,24031,24,14,2,49,3,2,1,"TETRIS, SOLITAIRE, BEJEWELED",
15125,4,8059,8,13,2,51,5,8,1,"GUITAR HERO, WII SPORTS, GUITAR HERO 2",
15103,4,8001,8,17,1,49,7,8,1,"HALO 3, CALL OF DUTY, GEARS OF WAR",
12952,4,8013,8,17,1,50,6,9,1,HUNT THE WOMPUS,HUNT THE WOMPUS
15731,4,8035,8,14,1,47,6,7,1,"BURN OUT DOMINATION, HALO 3, RATCHET AND CLANK",
4446,4,8035,8,16,1,75,7,8,1,"CEASER IV, ROME: TOTALWAR, AGE OF MYTHOLOGY",CAESAR 4 FOR ECONOMICS
7187,4,8035,8,13,1,45,7,8,1,"GUILD WARS, RUNESCAPE, SUPER SMASH BROTHERS MEELE",
2622,4,8031,8,16,1,40,4,4,1,"DEF JAM ICON, HALO 2, TOMB RAIDER",
2875,4,8031,8,14,2,34,6,9,1,"THE SIMS 2, COOKING MAMA COOKOFF, NINTENDOGS",
15279,4,8031,8,14,2,38,5,6,1,MARIO,
10987,4,8059,8,16,2,50,6,9,1,"GUITAR HERO, DANCE DANCE REVOLUTION, HALO",DESIGN GAME
10495,4,8059,8,17,2,46,6,7,1,"WI SPORTS, KARAOKE, COOKING GAME",
10241,4,8059,8,14,2,54,3,2,1,"GUITAR HERO 3, STREET HOOPS, FAST AND THE FURIOUS",
2715,3,54003,54,12,2,43,5,4,1,"CUL-DE-SAC SMASH, FOOTBALL, STAR WARS RACING",
7931,3,54079,54,17,2,45,3,5,1,"FINAL FANTASY 2, KINGDOM HEARTS 2, WORLD OF WARCRAFT",
14670,3,54079,54,16,1,44,5,7,1,"CALL OF DUTY, MEDAL OF HONNOR, NCAA FOOTBALL 08",
7554,3,54061,54,12,1,40,7,9,1,"RUNESCPAE, MOORWIND: PRINCE OF PERSUSH",
16639,3,54039,54,17,2,46,3,8,1,"SOLITAIRE, BEJEWELED, PUZZELED",
7768,3,54073,54,15,1,44,7,6,1,DK,MATH ACTIVITY THING
11062,3,54039,54,12,2,32,3,3,1,"COMPUTER GAMES, NONE SPECIFIC",
3294,3,54023,54,17,1,44,3,5,1,"MEDAL OF HONOR, NEED FOR SPEED, STRONGHOLD",ROME: TOTAL WAR
15374,3,54003,54,12,2,38,3,4,1,"THE SIMS, DIDDY KONG RACING, POGO",LEMONADE STAND
3626,3,54033,54,17,2,42,3,9,1,,I HAVE NO IDEA WHAT THE GAME WAS CALLED; JUST THAT WAS LAST YEAR
13986,3,54047,54,15,1,35,3,5,1,"MADDEN O7, SMACK DOWN 07, JUICED",PIE FACTORY PERCENTAGE
15381,3,12086,12,16,2,47,7,6,1,"BEJEWELED, WHEEL OF FORTUNE, SCRABBLE",
4343,3,12086,12,15,1,45,6,8,1,"FORBIDDEN SIREN, MADDEN FOOTBALL, WORLD OF WARCRAFT",DON'T REMEMBER
8227,3,12086,12,16,2,51,6,7,0,,
11701,3,12086,12,16,2,47,6,4,1,"DEAD OR ALIVE, NASCAR, FIFA",
16220,3,12086,12,16,2,45,5,5,1,"CHUZZLE, ROLLERCOASTER TYCOON,  I THINK IT'S CALLED THEATER TYCOON",
3946,3,12086,12,16,2,41,3,3,1,"GRAND THEFT AUTO, A CAR RACING GAME",ROLE PLAYING GAME WHERE YOU LIVE YOUR LIFE ON DAY TO DAY BASIS
16409,4,56009,56,13,2,44,6,6,0,,
17085,4,56025,56,14,1,55,7,8,1,"METAL ARM (GLATCH SYSTEM), MARIO KART DOUBLE DASH, MARIO SUPER STAR BASEBALL.",
10977,4,56001,56,12,1,47,2,6,1,"RESIDENT EVIL 4, FORD RACING TWO, EXTREME COMBAT",
9832,4,56003,56,15,2,41,3,4,1,"GUITAR HERO, DANCE DANCE REVOLUTION, WII PLAY GAMES",
3270,2,17143,17,16,1,46,7,9,1,"GUITAR HERO, CALL OF DUTY 4, HALO",
10764,2,17109,17,15,1,52,3,1,1,"ADVANCE HORSE CIVILIZATION, AGE OF IMPIRE",
1064,2,17179,17,12,1,38,6,6,1,"POKEMON, COLLESUEM, MEGA MAN",
330,2,17113,17,15,2,33,6,8,1,,
17446,2,17109,17,16,2,37,5,6,1,"PUZZLES, MARIO KART",
3334,2,17143,17,17,2,44,7,6,1,"GUITAR HERO, DANCE DANCE REVOLUTION, SUPER MARIO",
15422,2,17179,17,15,1,36,5,6,1,"CALL OF DUTY 4, HALO 3, GUILD WARS",
15662,4,6037,6,14,2,33,3,9,1,"SOLITAIRE, GRAND THEFT AUTO, CORVETTE (RACING GAME)",ABOUT MATH
6515,4,6037,6,13,1,43,3,3,1,"HALO 3, MADDEN 08, CALL OF DUTY 4",
15844,4,6037,6,13,2,50,5,6,1,DON'T HAVE ANY,
14471,2,26163,26,17,1,59,5,7,1,DK,
16122,2,26163,26,13,1,39,3,6,1,"NBA LIVE, NCAA FOOTBALL, MORTAL KOMBAT: DEADLY ALLIANCE",ZOO TYCOON
7051,2,29510,29,17,2,43,3,3,1,"GRAND THEFT AUTO, MARCH MADNESS, HIT-MAN",
3877,2,29510,29,15,1,35,5,7,1,"FINAL FANTASY 11, HALO 3, GUITAR HERO",SUPER MARIO
13381,2,29189,29,15,2,38,7,8,1,"TETRIS, HELICOPTER, SNOOD",
10666,2,29189,29,14,1,40,3,7,1,"SPORTS (I.E., RACING GAMES), SHOOTING GAMES,",
362,2,29189,29,14,1,47,5,5,1,"MADDEN NFL 08, MLB 2K7, GRAND THEFT AUTO",
12882,2,29189,29,14,2,49,6,7,1,,
12323,1,36065,36,13,1,49,3,3,1,"MADDEN 08, GUITAR HERO 3, HALO II",
16168,1,36053,36,15,1,47,6,7,1,"MADDEN, ROCK BAND, NHL",
15585,1,36043,36,16,2,51,2,1,0,,
11005,1,36065,36,17,1,50,3,9,1,"HALO 3, MADDEN, TIGER WOODS",
15399,2,18097,18,17,1,55,3,6,1,"MADDEN LIVE, RAW VS. SMACKDOWN 2007, NBA LIVE 2008",
16959,2,18059,18,17,2,47,6,7,1,"INK PEN, WORD SEARCH",STOCK MARKET GAME
15426,2,18057,18,16,1,40,6,8,1,"GUITAR HERO 3, CALL OF DUTY 4, GRAND TURISMO",
8714,2,18057,18,16,2,45,6,9,1,,
7951,2,18057,18,12,1,42,4,6,1,"HALO 1, HALO 2",
16126,2,18109,18,15,1,34,5,3,1,"MADDEN 08, GUITAR HERO 3, MLB 08",WORD PUZZLES
10017,2,18063,18,13,2,31,5,7,1,"LUXOR, NEED FOR SPEED 2, NINTENDOGS",
11345,2,18059,18,14,2,45,6,8,1,,
7713,3,22059,22,17,1,43,2,9,0,,
12176,3,22015,22,15,2,82,1,2,0,,
1550,2,19013,19,12,2,47,2,2,1,"CLUB PENGUIN, K ADDICTING GAMES, CANDY STAND",DICKINS SURVIVAL (ITS AN OLD VICTORIAN GAME ON THE INTERNET WE PLAYED FOR ENGLISH CLASS)
4502,2,19023,19,15,1,49,5,5,1,"GRAND TURISMO, CALL OF DUTY, NCAA FOOTBALL",
9774,2,19113,19,14,2,43,3,7,1,"TETRIS, SOLITAIRE, PINBALL",
14113,2,27009,27,15,2,40,3,6,1,"SOLITAIRE, HANNAH MONTANA, DANCE GAME",
6928,2,27009,27,14,2,44,3,9,1,"DANCE DANCE REVOLUTION, GUITAR HERO, SOLITAIRE",
15425,2,27097,27,13,1,49,3,5,1,BURNOUT REVENGE,STOCKS GAME
5165,2,27073,27,16,2,56,3,7,1,"TENNIS, BOWLING, BASEBALL",
2009,2,27145,27,14,2,45,3,7,1,"HALO, MADDEN, SODUKU","I HAVE NO IDEA, IT WAS FOR A PROJECT"
2714,2,27141,27,17,2,47,5,8,1,"SUPER MARIO WORLD, SUPERMARIO KART, DONKEY KONG","NUMBER MUNCHERS, GEOMETRIC GOLF"
5852,2,27085,27,12,1,28,5,8,1,"MADDEN, SUPER MARIO ADVANCE",
7399,2,27067,27,17,2,47,5,7,1,"GUITAR HERO, DANCE DANCE DANCE REVOULUTION",
16646,3,12009,12,15,1,38,3,3,1,"RATCHET AND CLANK, NBA LIVE, TEKKEN",DON'T REMEMBER
16401,4,6037,6,14,1,45,5,7,1,"HALO3, EXCAPE, MADDEN O8",
6828,4,6037,6,13,1,36,5,1,1,"SMACKDOWN VS RAW 08, HALO 3, TRUE CRIME",
15922,4,6037,6,17,2,45,6,6,0,,
15624,4,6037,6,14,1,45,3,4,1,"GUITAR HERO 3, MADDEN 2008, MEDAL OF HONOR 4",A TYPING GAME
15742,4,6037,6,12,2,47,6,8,1,"CHESS, I DON'T PLAY MUCH OF ANY...I DON'T PLAY THAT MUCH ON THE INTERNET",
5728,3,48451,48,15,2,43,7,6,1,"ADVENTURE GAMES, ONLINE JIGSAW GAMES, RACING GAMES",
16125,2,39169,39,17,1,47,2,8,1,"NHL 2008, PROJECT AWSOME RACING 2, FIFA 2008",
2080,2,39133,39,17,1,57,7,8,1,"HALO, GUITAR HERO, MADDEN",
13733,2,39133,39,17,1,50,6,7,1,"HALO 3, FIFA 08, MADDEN 08",
1575,2,39133,39,15,1,37,3,3,1,"HALO 3, GEARS OF WAR, ACE COMBAT 6",
7233,2,39153,39,16,2,55,7,4,1,,
6665,2,39153,39,12,2,34,5,5,1,"THE SIMS, ANIME GAMES OF ANY KIND, MORTAL KOMBAT",
6824,2,39099,39,13,2,52,3,1,1,"GUITAR HERO, RACING GAME ON THE WII",JENGA
16210,2,39153,39,17,2,45,5,6,1,"NEED FOR SPEED, GRAND THEFT AUTO, YAHOO GAMES",
8378,2,39153,39,15,2,47,7,6,1,"ANIMAL CROSSING, GUITAR HERO",
15872,3,1045,1,15,1,40,5,6,1,"MASS EFFECT, HALO 3, SUPREME COMANDER",
5157,3,1069,1,16,1,47,6,7,1,DK,
1744,3,1081,1,14,1,49,2,4,1,"SOUL CALIBUR 2, LEGEND OF ZELDA, SUPER MARIO SUNSHINE",DON'T REMEMBER
16163,3,37081,37,13,2,34,4,5,1,ACTION GAMES,LEARNING GAMES
6500,3,37157,37,16,1,49,6,6,1,"ESPN, MADDEN 08, NBA 2K8",
15388,3,37057,37,17,1,40,3,9,1,"HALO, MADDEN, FIGHTNIGHT 3",MATH BUSTERS
11971,3,37151,37,14,1,43,6,4,1,"HALO 3, ASSASSINS CREED, MIDEIVIL 2 TURTLE WAR",
12862,3,22099,22,13,1,52,3,9,1,"HALO 2, SMACKDOWN VS RAW 2008, MORTAL KOMBAT ARMAGEDDON",
15650,3,22113,22,15,1,43,3,4,1,"BLITZ LEAGUE, DEVIL OF 7",MICRO TYPE
5996,3,22055,22,13,1,42,3,5,1,"GEARS OF WAR, HALO 3, MVP NCAA BASEBALL 2006",LETS GET DIGGING (ABOUT MINERALS)
12657,3,22097,22,16,2,47,3,3,1,"GUITAR HERO, HALO 3, CALL OF DUTY",
2123,3,22113,22,12,2,37,3,8,1,,
15626,3,22101,22,13,2,29,6,8,1,"STUFF ON POGO, CHECKERS ONLINE",
15737,4,53011,53,13,2,43,7,8,1,"CARD, SOCCER, DICE",
15673,4,53009,53,14,2,39,5,3,1,"ZELDA: TWILIGHT PRINCESS, WII BLACKJACK WITH CARDS,  DUNGEONS AND DRAGONS",
15893,4,53057,53,15,2,54,6,3,1,"TOMY HAWK, MADDEN FOOTBALL",
15675,4,53035,53,16,2,45,6,9,1,UNSURE,
8438,4,53061,53,13,2,38,5,7,1,"ZELDA, NANCY DREW, HARRY POTTER",
15636,4,53057,53,17,2,51,6,4,1,"BEJEWLED, CUBED, SUPER MARIO KART",
15637,4,53035,53,17,2,30,5,6,1,"MADDEN, BUBBLE BREAKER",
1477,4,53035,53,12,2,50,6,5,1,"INSANE AQUARIUM, THE SIMS, CHESS",
16701,4,53067,53,17,1,47,5,6,1,"FINAL FANTASTY 07, DANCE DANCE REVOLUTION, DEVIL MAY CRY",
13638,3,48409,48,14,1,38,6,7,1,"HALO 2, BURNOUT REVENGE, STREET FOOTBALL",
13092,3,48469,48,14,1,41,7,6,1,"RESIDENT EVIL 4: MONSTER HUNTER, GUITAR HERO 3, RUNESCAPE",
5479,3,48321,48,14,2,41,5,7,1,"GUITAR HERO, ATV OFF ROAD",
11006,3,12047,12,13,2,42,3,4,1,NCAA MADNESS NCAA 07,SOLITAIRE
17800,1,44007,44,17,1,45,6,8,1,"MADDEN, MLB, GUITAR HERO",
3417,1,44007,44,16,1,41,5,7,1,"GUITAR HERO, SKATE, FORZA MOTORSPORT",
12955,1,44001,44,16,1,40,5,7,1,"GUITAR HERO 3, KANE & LYNCH DEADMEN, SKATE",
16142,1,44003,44,14,1,42,6,8,0,,
7205,1,44007,44,14,1,35,3,3,1,"CALL OF DUTY 4, MADDEN 08, FIFA 08",
2150,1,44007,44,14,2,27,2,1,1,"NEED FOR SPEED, SAGA, JEOPARDY",MICROTYPE
14151,1,44003,44,14,1,36,2,2,1,"CALL OF DUTY, MADDEN, BURN OUT THE NEW ONE",THE BOOKWORM
2173,1,44005,44,12,2,35,5,6,1,"SCRABBLE, PINBALL, SOLITAIRE",MATH PUZZLES
10160,2,31025,31,14,2,44,7,8,1,NONE,
16392,2,31177,31,16,1,44,6,6,1,"NCAA 08, NBA 08, COLLEGE FOOTBALL 08",
908,2,31109,31,14,2,49,3,5,1,"NASCAR, CRASH BANDICOOT, STAR WARS",LEMONADE GAME
5403,2,31141,31,17,2,49,3,6,1,,
13445,2,31055,31,12,1,51,4,9,1,SKATE,
11025,2,31055,31,15,1,37,3,4,1,"DIABLO 2, FINAL FANTASY XII, TONY HAWKS PROJECT 8",
15714,2,31055,31,17,2,52,5,8,1,"GEARS OF WAR, FABLE, PROJECT GOTHAM 3",LEMONADE STAND - LEMONADE.COM
16884,3,13121,13,14,1,36,5,6,1,"MEDAL OF HONOR,  WIII SPORTS, CALL OF DUTY",
703,3,13121,13,17,2,68,3,5,1,THE SIMS,MADDEN
16310,3,40027,40,12,2,43,7,7,1,ZOO TYCOON. WEBKINS (INTERNET GAME). GUITAR HERO,
12184,3,40109,40,17,2,36,6,7,1,"GUITAR HERO, DANCE DANCE REVOLUTION, SONIC",
10470,3,40119,40,16,1,49,7,9,1,"HALO, GEARS OF WAR, DEERHUNTING",
10347,3,40109,40,12,1,35,6,7,1,"HALO 3, CALL OF DUTY 4",
11023,3,40125,40,12,1,44,6,8,1,"NCCAA FOOTBALL, NCAA BASKETBALL, NBA BASKETBALL",STUDY ISLAND
15452,4,30049,30,13,2,48,5,7,1,"THE SIMS, ROLLER COASTER TYCON",
8857,4,30111,30,15,1,45,3,9,1,"HALO 2, HALO 3, GEARS OF WAR",LEARNING GAME
15941,4,30013,30,13,2,52,2,5,1,"CRASH BANDICOOT, MARIO SECRET BROTHERS, TONY HAWK'S PRO SKATER 2",MATH FLASHING CARD GAME
1815,4,30029,30,17,2,40,3,4,1,SOLITAIRE,
9559,4,30081,30,13,1,36,5,8,1,"FINAL FANTASY, KINGDOM HEARTS, ADVENTURE QUEST",
2416,3,12117,12,17,1,52,7,8,1,"GRAND THEFT AUTO, MARIO PARTY, HALO",
15540,3,12117,12,16,2,45,6,8,1,"MISS POPULARITY, LUCITO GREEN EXPEDITION, BOOKWORM",
1345,3,12117,12,12,1,43,6,7,1,"MYTHWAR, SUPER SMASH BROTHERS MELEE, HALO 2",
5549,3,12095,12,15,2,50,5,7,1,I CANT THINK OF ANY RIGHT NOW.  JUST GO TO WEBSITE MINICLIPS.COM AND PLAY MANY GAMES THERE,
931,3,12095,12,17,1,50,3,4,1,"FINAL FANTASY, DYNASTY WARRIORS",
5987,3,12117,12,14,2,47,5,8,1,"DANCE DANCE REVOLUTION, WII SPORTS, DISNEY FAIRIES",HANGEROO
1553,3,12117,12,12,2,42,6,8,1,"NEED FOR SPEED - MOST WANTED, NEED FOR SPEED CARBON, MARIO KART",
16009,4,6085,6,17,1,49,5,8,1,"SOUL CALIBUR, GRAN TURISMO, GUITAR HERO",
3513,4,6085,6,16,2,54,6,5,1,,
2725,4,6085,6,16,2,51,7,4,1,"SOLITAIRE, BUBBLE BRAKER, FREE CELL",
15998,3,48403,48,13,2,44,5,8,1,"SPORTS, SOLITAIRE",
2396,3,48361,48,15,1,38,3,7,1,"WORLD OF WARCRAFT, HALO 3, ASSASSIN'S CREED",MATH BLASTER
14624,3,48245,48,14,2,47,2,1,1,"MADDEN 08, NBA LIVE 08, NCAA 08",TYPERSHARK
12624,3,24005,24,16,1,37,6,6,1,"HALO 3, CALL OF DUTY 4, ASSASSIN'S CREED",NO RESPONSE
16291,3,24015,24,17,2,48,5,6,1,"DANCE DANCE REVOLUTION, GUITAR HERO, TETRIS",
16193,3,24003,24,13,1,48,5,7,1,"WORLD OF WARCRAFT, GOD OF WAR, LEGEND OF ZELDA FOR WII",SPANISH CLASS QUESTIONS
15968,3,24027,24,16,2,49,6,7,0,,
11181,3,24003,24,12,1,49,6,8,1,"FOOTBALL, MADDEN 08, HIDE AND GO SEEK TAG","SCHEFFERONS PYRAMID, AND ALL THE RIGHT TYPE"
16250,3,24027,24,13,1,43,5,8,1,"MADDEN 07, PRINCE OF PERISA, LEGEND OF ZEDLA",
10920,3,24025,24,15,2,48,7,2,1,GAMES I HAVE PLAYED IN THE PAST LIKE GAMES ON MY CELL PHONE,
13301,1,42003,42,12,1,45,6,9,1,GUITAR HERO,
16244,1,42003,42,14,1,35,5,4,1,"MADDEN 08, NEED FOR SPEED, TOMB RAIDER",
10006,1,42003,42,12,1,38,5,4,1,"MARIO GAME, ACTION GAMES, AND CORAL GAME, RACING GAMES, ALL OF THE MARIO GAMES",
9786,1,42003,42,15,1,40,6,6,1,"KINGDOM HEARTS, TONY HAWK, MADDEN",ORGAN TRAIL
9384,1,25003,25,12,1,47,3,6,1,DOOM 3,
16032,1,25003,25,15,2,49,6,7,1,"BLOONS, ADDICTINGGAMES.COM",
16302,1,25003,25,17,2,59,6,6,1,"BURNOUT, GRAND THEFT AUTO, DANCE DANCE REVOLUTION",
3724,1,25013,25,17,1,48,3,1,1,"GUITAR HERO, SOLITAIRE, MARIO KART",
13104,2,55079,55,13,2,29,3,4,1,"TAKEN 4, BURNOUT 3, FANTASTIC 4",MATH GAME
10474,2,55133,55,16,1,48,4,5,1,"GEARS OF WAR, OBLIVION, BIOSHOCK",
13119,2,55079,55,17,1,47,6,4,1,"PRINCE OF PERSIA, SPORTS GAMES, NBA LIVE",
14080,2,55079,55,17,1,58,5,8,1,"GEARS OF WAR, MAPLE STORY, CALL OF DUTY",
9894,2,55079,55,15,2,38,5,3,1,"DANCE DANCE REVOLUTION, RUNESCAPE, GUITAR HERO",
2550,4,6041,6,16,1,56,2,8,1,"SUPERMARIO GALAXY, ZELDA, RESIDENT EVIL 4","WORD GAME TO HELP UNDERSTAND A CERTAIN TOPIC, SPANISH.  A VERSION OF BATTLESHIP"
16012,4,6075,6,13,2,43,2,1,1,"GRAND THEFT AUTO: SAN ANDREA, MARIO PARTY","I DON'T KNOW WHAT IT WAS CALLED, IT WAS RELATED TO SOCIAL STUDIES"
1031,2,29153,29,17,2,53,6,6,1,"BEJEWELED, TETRIS",
2619,2,29097,29,16,2,45,5,6,1,"BOGGLE, SCATTERGORIES, SCRABBLE",BOGGLE
7878,2,29043,29,16,1,35,2,4,1,"GUITAR HERO, WORLD OF WARCRAFT",
9049,2,39107,39,17,2,50,4,9,1,GUITAR HERO,
16053,2,39011,39,16,1,40,3,7,1,"MADDEDN 07, GUITAR HERO II, ACE COMPABT IV SHATTERED SKIES",
6912,2,39095,39,13,1,43,5,5,1,"TINY COMBAT 2, ELECTRIC MAN, YAHOO POOL",SCARY FOR KIDS.COM.  SCARY MAZE
8073,2,39095,39,16,1,32,2,2,1,"POGO 21, DOMINOES, BLACKJACK",CHECKERS
4733,2,39139,39,12,1,43,3,3,1,WHATEVER LOOKS COOL,MATH MATCHING
6884,3,47179,47,15,1,46,6,7,1,ASSASSIN'S CREED,
18482,3,47163,47,15,1,56,1,2,1,MADDEN07 NEDD FOR SPEED UNDERGROUND 2 GOD OF WAR2,ORGAN TRIAL
17915,3,47163,47,12,1,46,5,7,1,"LEGEND OF ZELDA, SPYRO A NEW BEGINING, BRAIN AGE",
8762,3,47063,47,12,2,35,3,5,1,"HALO 3, GUITAR HERO, GRAND THEFT AUTO",
15983,4,53061,53,12,1,47,6,6,1,"POKEMON DIAMOND, THE SIMPSONS GAME, MARIO KART SUPER CIRCUIT",
14123,4,53033,53,15,1,31,5,8,1,"NEVER WINTER NIGHTS, OBEL VIN, EMPROIR EARTH",REN AND STIMPY
10210,4,53033,53,14,2,41,5,7,1,"PACMAN, BASE JUMPING, THIN ICE",
17524,4,53033,53,17,2,54,7,8,1,"ROCK STAR ROCK BAND, GUITAR HERO, THE SIMS",
16478,3,51019,51,16,2,50,5,8,1,"GUITAR HERO, ROCK BAND, SOLITAIRE",
904,3,51183,51,13,1,45,5,1,1," STAR WARS: EMPIRE AT WAR, STAR WARS KNIGHTS OF THE OLD REPUBLIC 2: THE SITH LORDS, HALO 2",
5679,3,51003,51,13,1,44,7,9,1,"FOOTBALL, SOCCER, FINAL FANTASY",
11824,3,51003,51,17,1,42,3,6,1,"HALO 3, NBA2K8, ASSASSIN'S CREED",EDUCATIONAL COMPUTER GAME.
4713,3,51003,51,17,1,51,7,8,0,,
16378,4,49051,49,13,2,36,7,5,1,"TORTUGA, THE SIMS, AGE OF EMPIRES",
3676,4,49005,49,17,1,43,5,7,1,"GUITAR HERO, ZELDA, SUPER MARIO GALAXY",
9881,2,39035,39,15,1,52,3,6,1,"GEARS OF WAR, DEAD RISING, HALO 3",
2216,2,39085,39,15,2,53,7,6,1,"WEBKINZ, AMERICAN GIRL, PACMAN",
3993,2,39093,39,13,2,60,3,4,1,"GUITAR HERO, GRAND THEFT AUTO RACING GAME",
18922,2,39035,39,15,2,51,6,9,1,"TETRIS, SOLITAIRE, GUITAR HERO 2",
3942,2,39093,39,14,2,49,5,6,1,"CHECKERS, ZOOTY ZOON, SIMS2",
17799,2,39035,39,17,2,59,7,3,1,"SOLITARE, ARCADE LINES",
16445,2,39035,39,15,1,52,6,6,1,"GUITAR HERO, HALO, BURNOUT",
693,2,39007,39,15,1,39,5,6,1,"WORLD OF WAR CRAFT, GUNZ, DEAD OR ALIVE",
14688,3,24027,24,17,2,47,7,8,1,"SOLO, TETRIS, BEJEWEL",
7418,3,48121,48,12,2,42,4,6,1,"HARVEST MOON, ICE AGE,  SPYRO",NOT SURE OF THE NAME
9390,3,13153,13,17,1,37,5,6,1,"GUITAR HERO, CALL OF DUTY FOUR, HALO",DON'T KNOW
16473,3,13175,13,13,2,41,6,8,1,"WII...TENNIS GAME, BOWLING GAME, FIGHTING GAME.",IT WAS FOR A COMPUTER CLASS...HOW TO MAKE A LEMONADE.
16448,3,13169,13,13,1,37,6,5,1,"BROTHER IN ARM, HALO 02, CALL OF DUTY 03",MATH BLASTER
7690,3,5007,5,17,2,41,7,7,1,"GUITAR HERO, WII SPORTS",
6936,3,5131,5,15,1,48,3,6,1,"MADDEN 08, NCAA 08, TIGER WOODS 08",
3623,4,4013,4,13,1,38,4,8,1,,
16418,4,4013,4,12,1,48,6,8,1,"TDRISTEN CITY, MADDEN, ROCK BAND",
16421,4,4013,4,14,2,48,6,6,0,,
16369,4,4013,4,16,1,57,5,4,1,"NATION SCAPE, EMPEROR EARTH 2,THE SIMS CITY 4",
3449,1,42045,42,15,1,40,6,4,1,"HEARTS TWO, NBA LIVE, MADDEN",
16768,3,5051,5,13,2,40,3,4,1,"GRAND THEFT AUTO: SAN ANDREAS, RACING GAMES, THE SIMS",MATHATHON
5314,3,5145,5,17,1,43,6,7,1,"HALO, MADDEN, NBA",TYPING
11862,3,5085,5,15,1,38,4,7,1,"NCAA, FIGHT NIGHT ROUND 3,  NASCAR FOR THE CUP",MICROTYPE PRO
2577,3,5119,5,14,1,46,6,8,1,"OBLIVION, ROCK BAND, GUITAR HERO",
18041,3,5125,5,16,2,54,6,6,1,"SCRABBLE, DANCE PRAISE AND SCATTER GORIES",
16555,3,5119,5,15,1,51,5,3,1,"MADDEN, MARIO KART",
7300,3,21111,21,16,2,46,6,9,0,,
5962,3,21179,21,13,1,29,2,4,1,"COMBAT FLIGHT SIMULATOR 2, HALO 1, MEDAL OF HONOR",
9439,3,21073,21,14,1,38,4,5,1,"MLB 07 FOR PSP, TIGER WOODS FOR PS2, MADDEN 08 FOR PS2",
1501,3,21111,21,15,2,33,1,4,1,"MIDNIGHT CLUB UNDERGROUND, PACMAN",DON'T REMEMBER THE NAME OF IT
5958,3,21111,21,14,2,35,3,2,1,DK,
2507,3,21111,21,16,1,45,5,5,1,"HALO 3,GEARS OF WAR, NCAA FOOTBALL 08",RUNE
16567,3,21111,21,13,1,45,3,8,1,"HALO 3, RUNESCAPE",MATH GAMES AND MUSIC GAMES
3429,4,41051,41,14,2,38,3,3,1,"MARIO BROTHERS, WII SPORTS, RESIDENT EVIL 3",DON'T REMEMBER
17095,4,41051,41,14,1,51,6,7,1,"HALO 3, GUITAR HERO 3,",
17825,4,41051,41,13,2,45,7,7,1,"THE SIMS, MARIO RACING GAMES,",
17096,4,41051,41,14,1,35,3,3,1,"RUNESCAPE, KINDGDOM HEARTS, LEGEND OF DRAGOON",
811,4,41051,41,17,2,32,3,1,1,LIZZIE MGUIRE BRANDY AND MR WISKERS SWEET LIFE OF ZACK AND CODY,
14262,4,41047,41,14,2,99,5,9,1,GUITAR HERO,
14117,4,41067,41,17,2,53,4,6,1,"GUITAR HERO, THE SIMS, NEED FOR SPEED",
7026,4,41067,41,15,1,53,5,9,1,"MADDEN, HALO, GHOST RECON",
3018,4,41005,41,14,1,46,3,4,1,"BURNOUT 3: TAKEDOWN, NARC, GRAND THEFT AUTO: SAN ANDREAS",
17933,4,41005,41,16,2,52,7,4,1,"I HAVE NO IDEA, I DON'T REALLY PLAY THEM ENOUGH TO HAVE FAVORITES",
19130,3,22071,22,13,1,41,6,8,1,MADDEN 2008,NO RESPONSE
16480,3,22075,22,13,1,40,6,8,1,"HALO3, MADDEN08|SAINT ROW",
1037,4,35001,35,12,2,44,6,7,1,"BLOONSHINE, MEMORY",
9646,4,35013,35,14,1,66,5,4,1,,
10696,4,35001,35,17,1,44,4,8,1,"NEED FOR SPEED PRO STREET, RESIDENT EVIL 4, SOCOM US NAVY SEALS",
1649,4,35045,35,14,2,32,5,4,1,"GUITAR HERO, GRAND THEFT AUTO, TETRIS",
18094,4,35057,35,15,2,55,6,8,1,,
16668,4,35013,35,17,2,42,5,5,1,"ASSASSIN'SS CREED, HALO, SONIC THE HEDGEHOG",
7776,4,35001,35,16,1,66,1,4,1,"GRAND THEFT AUTO, HALO",
2434,2,27147,27,13,2,50,4,6,1,"GUY- YA, ZWINKY",
12297,2,27039,27,14,1,39,5,6,1,WHATEVER IS ON,SUDUKU
13694,1,25023,25,13,1,46,5,6,1,"WORLD OF WARCRAFT, RESIDENT EVEL 4,  DANCE DANCE REVOLUTION",
11990,1,25005,25,16,2,46,3,6,1,"HALO, ROCK BAND, TONY HAWK 3",
3161,1,25023,25,12,1,27,3,7,1,"MX VS. ATV UNLEASHED, NHL HOCKEY 2K7, BURNOUT LEGENDS",
6440,1,25023,25,12,1,32,2,9,1,"POOL, RACECAR, BASKETBALL",
16489,1,25023,25,15,2,44,5,7,1,DINER DASH,MATH GAME AND ONE ABOUT BEING ABDUCTED.
8505,4,53063,53,14,1,57,5,4,1,"HALO2, LORD OF THE RINGS: BATTLE FOR MIDDLE EARTH 2, MARIO SUNSHINE",
10254,4,53063,53,17,1,44,6,6,1,"GUITAR HERO, MEDAL OF HONOR, MADDEN",
12560,4,53001,53,15,2,42,2,5,0,,
18137,4,53021,53,12,1,37,5,6,1,"WORLD OF WARCRAFT, ELDERS GIRLS III, AND HALO II",
11947,4,53005,53,16,2,46,5,6,1,"MAHJONGG, SOLITAIRE, POLICE CHASE",
11117,4,53065,53,14,1,46,5,2,1,"RATCHET AND CLANK, RUNESCAPE, MADDEN 07",
10168,4,53063,53,15,1,58,6,6,1,"HALO 3, GUITAR HERO 3, SLY COOPER",
16752,4,53003,53,14,2,39,3,6,1,"THE ITALIAN JOB, GUITAR HERO, SMOOTH MOVES",
9853,4,53063,53,15,2,41,5,3,1,"GUITAR HERO, TETRIS, DANCE DANCE REVELUTION",
18161,4,53063,53,13,2,45,6,8,1,GUITAR HERO AND 4 WHEELER RACE.,
9587,4,6001,6,13,2,39,6,6,1,"NEOPET THE DARKEST FAIRY, MARIO BROTHERS, SHREK 3",
16795,4,6013,6,17,2,52,7,9,1,"FLY COOPER, CHECKIN 5, HEAVENLY SWORD",
9726,4,6001,6,15,2,38,3,6,1,"SOLITAIRE, PACMAN, FROGGER",
2943,4,6013,6,14,1,48,3,7,1,"HALO 3,  CALL OF DUTY 4, NFL 08",
17103,4,6001,6,13,1,49,6,8,1,"SPORTS, NBA, MADDEN",
8595,4,6001,6,16,1,51,6,5,1,"HALO, COMMAND AND CONQUER GENERALS, HALF LIFE 2",
16748,4,6001,6,14,1,41,5,8,1,"FIFA 08, MADDEN 08, CALL OF DUTY IV",
4482,4,6013,6,17,2,57,6,7,1,"SOLITAIRE, BEJEWLED, TETRIS",A COMPUTER GAME ABOUT PHYSICS.  WE MADE STUFF AND MADE THE STUFF MOVE
16731,4,6001,6,17,1,53,5,8,1,"WARHAMMER ONLINE, COUNTER-STRIKE, SUPER SMASH BROTHERS",COUNTER STRIKE
16744,4,6001,6,12,1,46,5,8,1,"MADDEN, FIGHTING GAMES",
7731,3,48453,48,17,1,45,4,8,1,"NBA 08, TOM CLANCY'S WAR FIGHTER, RESISTANCE: FALL OF MAN N",
17831,3,48453,48,16,2,51,6,6,1,"MARIO KART, GUITAR HERO, HALO 3",
18005,3,48021,48,13,2,35,3,3,1,"BURNOUT, MARIO KART, MARIO PARTY",
12032,3,48453,48,13,1,45,7,9,1,"THE SIMS, ROLLERCOASTER TYCOON, FLIGHT SIMULATOR",
13788,3,48453,48,13,2,34,5,6,1,"STRATEGY GAMES, SOLITAIRE, PUZZLE TYPE GAMES",DON'T REMEMBER...IT WAS FOR MATH
16498,3,48491,48,13,1,71,6,5,1,"HALO 1, FABLE LOST CHAPTERS",
16579,2,39061,39,17,1,38,3,4,1,"GUITAR HERO 3, RACING GAMES, GRAND THEFT AUTO",
16521,2,39061,39,15,1,43,5,7,1,"GUITAR HERO 3, NIGHTMARE BEFORE CHRISTMAS, CALL OF DUTY 2(BIG RED ONE)",
2241,2,39017,39,16,2,57,7,6,1,DK,
11579,2,39061,39,13,2,45,5,6,1,"SPONGEBOB, ZOIE 101, THATS SO RAVEN GAME",
8526,2,39061,39,17,1,42,3,8,1,"NEED FOR SPEED, GUITAR HERO 3, HALO 3",
8598,2,39061,39,15,1,46,5,8,1,"MADDEN 08, GOD OF WAR 2, NEED FOR SPEED CARBON",
13127,2,39017,39,12,2,36,3,5,1,"ZOO TYCOON, SIM CITY 3, SIM TOWN",MATHEMATICS
10994,2,39061,39,12,2,50,6,8,1,NCAAA BASKETBALL,
16589,2,39061,39,13,1,36,3,2,1,"TOMB RAIDER, SPONGEBOB SQUAREPANTS, OBLIVION ELDER SCROLLS",FUNBRAIN
9658,2,39061,39,16,1,49,6,7,1,"OBLIVION, GUITAR HERO, GUITAR HERO III",IT WAS A GAME ON STATES AND STATE CAPITOLS
16526,2,19169,19,12,2,38,6,7,1,"THAT'S SO RAVEN, BOWLING, TETRIS",
7870,2,19153,19,13,2,52,3,8,1,"GUITAR HERO, DANCE DANCE REVOLUTION, WII SPORTS",
3241,2,19187,19,13,2,99,6,9,1,"SOLITARE, SPIDER SOLITAIRE, MINESWEEPER",
1899,2,19015,19,12,2,47,5,5,1,"SODUKU, PUZZLES","FOR SCIENCE CLASS, A PUZZLE GAME"
10816,1,36059,36,14,1,34,6,7,1,"MADDEN , HALO 3, GRAND THEFT AUTO",
13952,1,36059,36,12,2,43,6,8,1,"WEBINKZ, WII SPORTS,",
17893,1,36059,36,13,1,47,7,8,1,"SUPER MARIO GALAXY FOR THE WII, ADDICTING GAMES.COM, RUNESCAPE.COM",SOCIAL STUDY GAME
11013,1,36059,36,15,2,46,5,5,1,"SSX 3, CRAZY TAXI, MONKEY BALL",
16585,2,26075,26,16,2,41,5,6,1,"SOLITAIRE, BEJEWELED, FREE CELL",
4781,1,36091,36,14,2,50,7,6,1,"DANCE DANCE REVOLUTION, GUITAR HERO, MARIO PARTY",
17345,1,36001,36,12,2,43,5,6,1,"DANCE DANCE REVOLUTION, SCOOBY DO",
16596,1,36001,36,14,2,34,5,6,1,"KIM POSSIBLE, MULAN",
5161,1,36035,36,17,1,49,3,4,1,"MARIO GALAXY, SONIC, MARIO KART",
18546,1,36057,36,12,2,38,3,3,1,"PROBALLY FOR YOUR DS ANIMAL CROSSING, TEN DOGS, AND MY SIMS",OREGON TRAIL
3265,4,4019,4,15,1,46,6,8,1,"CALL OF DUTY 4, TETRIS, JETMAN",
7779,4,4023,4,14,1,52,9,9,1,"GUITAR HERO, GEARS OF WAR, GRAND THEFT AUTO",
2448,4,4019,4,15,2,45,6,7,1,"SOLITAIRE, GUITAR HERO, DANCE DANCE REVOLUTION",
16670,4,4003,4,17,1,42,3,6,1,"MADDEN O8, LA RUSH, GRAND THEFT AUTO: SAN ANDREAS","SOME LAB GAME, IT WAS FOR SCIENCE CLASS"
13469,4,4021,4,13,1,40,4,3,1,"GUITAR HERO, KINGDOM HEARTS, MAPLE STORY",
18990,4,4019,4,15,2,41,1,4,1,"WORLD OF WARCRAFT, PACMAN, MARIO",
16807,4,6105,6,17,1,45,5,6,1,"MADDEN, NCAA (FOOTBALL), OVERLORD",
6063,4,6113,6,16,2,50,1,2,0,,
9865,4,6021,6,15,2,36,5,6,1,"SIMS, SOLITAIRE, TETRIS",
12900,3,51179,51,12,2,35,6,7,1,"MARIO KART, MADDEN, THE SIMS",
18480,3,51019,51,12,1,53,5,6,1,"WARWIN, STARWARS",
11998,3,51179,51,13,1,68,1,4,1,"GUNS, GUNS AREA, GAIA",
18143,3,51179,51,15,2,30,6,5,1,"SPORTS GAMES, GRAND THEFT AUTO, AND NFL",MATH BUSTERS
13866,3,51179,51,13,2,40,6,7,1,"NEOPETS, THE SIMS PET EDITION, NINTENDOGS",
17028,3,51580,51,14,2,41,4,3,1,"BURNOUT, BIG MOTHER TRUCKERS, TWISTED",BOOK WORM
17170,4,41017,41,17,2,52,4,5,1,DON'T HAVE ANY,
3863,4,41061,41,12,2,36,5,5,1,"THE SIMS, FAMILY GUY THE VIDEO GAME, KINGDOM HEARTS","CAN'T REMEMBER THE NAME, SOMETHING TO DO WITH MATH"
7792,4,41029,41,16,2,50,7,9,0,,
7029,4,41029,41,15,2,46,6,3,1,"KINGDOM HEARTS, KINGDOM HEARTS 2, PERSONA 3",
17148,4,41039,41,13,1,56,5,6,1,"WORLD OF WARCRAFT, GUITAR HERO 3, CALL OF DUTY 4",
17162,4,41029,41,17,2,44,3,2,1,"MARIO BROS, TETRIS, GUITAR HERO",
14322,4,41043,41,16,2,47,5,6,1,"TETRIS, BEJEWELED, DANCE DANCE REVOLUTION",
11657,4,41043,41,17,1,37,6,7,1,"GUITAR HERO 2, HALO 2, NEED FOR SPEED UNDERGROUND",
5990,4,41019,41,13,2,45,6,7,1,,
9381,4,41035,41,13,1,46,3,2,1,"RESIDENT EVIL 5, SILENT HILL 4, RACHET & CLINK DREAD LOCK",
3021,4,41003,41,16,1,58,7,9,1,"HALO, GRAND THEFT AUTO, SPLINTER CELL",
17203,4,41061,41,17,1,24,5,1,1,"SUPER STREET, NCA FOOTBALL 08",
7784,4,6019,6,13,2,43,3,9,1,"DANCING GAME, PUZZLES, PIANOS",MATH BLASTERS
14270,4,6019,6,13,1,48,7,8,1,"GUITAR HERO, MADDEN, FIFA",
17166,4,6019,6,17,2,44,5,7,1,"THE SIMS 2, WII SPROTS, HARRY POTTER GAME ON XBOX",
11155,4,6019,6,17,1,40,6,8,1,"HALO, MASS EFFECT, CALL OF DUTY",
10056,4,6019,6,15,2,43,6,7,1,DK,
7815,4,6019,6,17,2,47,2,3,0,,
6464,4,6019,6,12,2,38,3,4,1,CHEETAH GIRLS,GOLDFISH
2495,4,6107,6,17,1,51,5,5,1,"ZELDA, GUITAR HERO III: LEGENDS OF ROCK, HALO",
17840,4,6019,6,15,2,51,5,8,1,"SPYRO, MARIO PARTY, DINER DASH",
6993,2,19163,19,17,2,42,4,7,1,"FINAL FANTASY, WORLD OF WARCRAFT, GUITAR HERO",
1782,2,19163,19,16,1,59,4,3,1,"GUITAR HERO 2, HALO 2, MADDEN 2007",
7746,2,19065,19,16,2,44,3,9,1,"HANNA MONTANNA GAME, HIGH SCHOOL MUSICAL GAME, HIGH SCHOOL MUSICAL 2 GAME",
18001,2,19055,19,14,1,45,6,7,1,"NCAA FOOTBALL 08, COLLGE HOOPS O8, HALO 2",
14298,1,42069,42,16,1,45,6,9,1,"MADDEN, NBA, CALL OF DUTY",
6816,1,42107,42,13,1,44,5,6,1,"NFL STREET TWO, DUNGEONS AND DRAGONS HEROES, RUNESCAPE",
17058,1,42107,42,14,2,44,5,8,1,"GUITAR HERO, CALL OF DUTY 4, HALO",
18154,1,42025,42,17,1,51,3,4,1,"NHL 08, MADDEN 08, MLB",LEMONADE STAND
18917,1,42069,42,16,2,51,4,6,1,,
4467,1,42107,42,15,1,39,3,7,1,"GUITAR HERO 3, SSX ON TOUR, SOCOM COMBINED ASSAULT",
4579,1,42107,42,17,1,46,7,8,1,"HALO 3, MADDEN 2008, NBA LIVE 2008",
10085,1,42097,42,13,1,32,5,4,1,DK,
9659,1,42131,42,14,1,46,6,5,1,"BLAZING ANGELS, NEED FOR SPEED CARBON",
5413,1,42115,42,16,1,39,1,3,1,"PROSTREET, GUITAR HERO, NASCAR",
16887,2,29131,29,16,1,39,5,2,1,"GRAND THEFT: AUTO SAN ADREAS, RESIDENT EVIL 4",
9821,2,29073,29,12,2,37,3,3,1,"SPYRO, HARRY POTTER AND SORCER OF STONE, SPYRO RIP TO'S",TOES IN SPANISH
10050,2,29071,29,15,2,33,5,2,1,"CSI, GUITAR HERO, CRASH BANDICOOT",
5311,2,29027,29,15,2,47,3,6,1,"NASCAR, MIDNIGHT CLUB 3 (DUB EDTION), CRASH BANDICOOT 2",MATH IS FUN
16985,2,29133,29,14,2,41,4,1,1,GUITAR HERO,
7006,2,29169,29,13,1,41,3,9,1,"LEGEND OF ZELDA: TWILIGHT PRINCESS, HALO 2",LINEWRITER
11459,2,18141,18,17,1,47,7,8,1,"MADDEN, GRAD THEFT AUTO, NBA LIVE",
12611,2,18141,18,12,1,41,3,5,1,"NEED FOR SPEED PRO STREET, GRAND THEFT AUTO: SAN ANDREAS, MADDEN",IT WAS A LEARNING GAME
16996,2,18131,18,17,1,43,3,5,1,"MADDEN O7, HALO 2, STREET FIGHTER 3",
5740,2,18039,18,15,1,40,6,2,1,"RUNESCAPE, MEDAL OF HONOR FRONTLINE, US NAVY SEALS",
16934,3,40019,40,13,1,46,6,5,1,"HALOS OF MIGHTY MAGIC, NCAA 2008, BATTLE FRONT",
10504,3,40123,40,15,2,32,3,2,1,"DISNEY GAMES, ONLINE GAMES, TETRIS, PUZZLE GAMES",
18925,3,40139,40,12,2,39,5,9,1,FANCY PANTS,NO RESPONSE
4407,3,40065,40,13,1,35,6,5,1,"MADDEN 2006, NCAA MARCH MADNESS 05, AMERICAN FARMER",
13198,3,40071,40,16,1,47,5,6,1,"HALO, RUNESCAPE, CALL OF DUTY 4",VIRTUAL BUSINESS
1808,1,36069,36,15,2,39,3,4,1,"THE SIMS 2, THE URBZ: SIMS IN THE CITY, KINGDOM HEARTS 2",
19176,1,36055,36,15,1,41,5,8,1,"GUITAR HERO 3, STAR WARS BATTLE FRONT, DYNASTY WARRIORS 5 EMPIRES",
7909,1,36055,36,14,2,31,3,9,1,"MS PAC MAN,","WE HAD TO MAKE UP A GAME...IT WAS CALLED ""BRAIN GAME"", AND OUR OWN LITTLE DIRECTIONS."
8103,1,36055,36,16,2,56,5,7,1,"ACNOS ENERGIZER, I DRESSUP. COM, PACMAN",
17020,1,36055,36,14,1,44,6,9,1,"CUSTOM ROBO ARENA, JUMP ULTIMATE STARS, WEST NORTH",
5877,1,36055,36,13,2,37,2,2,1,"DANCE DANCE REVOLTION, THE SIMS, KARAOKE REVOLUTION",
11078,1,36055,36,15,1,48,3,1,1,"NASCAR 08, NEED FOR SPEED MOST WANTED, JAK 3",AMERICAN REVOLUTION COMPUTER GAME
6598,1,36121,36,13,2,48,7,8,1,"THE SIMS, GUITAR HERO, NEED FOR SPEED",
7969,1,36055,36,16,2,54,7,9,1,"ZELDA, SUPER SMASH BROTHERS, DANCE DANCE REVOLUTION",
17879,2,26099,26,12,2,43,3,3,1,"GUITAR HERO, DANCE DANCE REVOLUTION, SING STAR",
9562,3,28049,28,14,2,52,7,5,1,"NANCY DREW, SPY FOX, SIMS",
17442,3,28075,28,16,1,57,4,2,1,"ASSASSIN'S CREED, DEATHWATCH, GUITAR HERO",LOOP AND CRITTER CROSS FOR TECHNOLOGY DISSCOVERY
12694,3,28061,28,17,1,48,5,9,1,"GRAN TRISMO 4, MLB 2002, MADDEN 2005",SOME KIND OF MATH GAME BUT IT WAS BORING
2426,3,28121,28,15,1,50,7,8,1,"WARCRAFT, HALO, GEARS OF WAR 3",
2742,3,28127,28,16,1,40,3,4,1,"NCAA, GRAND THEFT AUTO, MADDEN 08",
13066,3,28089,28,14,2,66,7,8,1,TETRIS,
14030,1,33017,33,17,1,62,6,8,1,"MADDEN, TIGER WOODS, NBA LIVE",TYPING GAME
12266,1,33015,33,15,2,47,6,7,1,"SODUKU, CHECKERS ONLINE, PACMAN",
6373,1,33015,33,14,2,42,6,8,1,"WEBKINZ, PUZZLE GAMES ONLINE, DRESS UP DOLLS",
4697,1,33011,33,15,2,50,7,8,1,,
7256,1,33015,33,16,2,53,7,7,1,"SOLITAIRE, FREECELL, JUZZBALL",
13309,2,46099,46,16,1,42,5,9,1,"MEDAL OF HONOR - VANGUARD, CALL OF DUTY 3, NEED FOR SPEED PROSTREET",
13773,2,46005,46,12,1,32,6,5,1,"GRAND THEFT AUTO, HALO, NASCAR, NFL FOOTBALL",PENGUIN DROP
17932,2,46135,46,12,1,38,6,6,1,"BATTLEFRONT STARWARS, SUPERMARIO GALAXY, SUPERMARIO 64",
16908,2,46011,46,15,1,53,3,5,1,,
9444,2,46011,46,14,1,42,4,9,1,"MADDEN O8, ROCKBAND, HALO 3",
11150,3,21071,21,12,2,54,5,7,1,NONE,DON'T KNOW
16964,3,21235,21,16,2,49,1,9,1,"MADE FOR SPACE, BEJEWELED, CARS",
7347,3,21045,21,15,1,40,3,2,1,"HALO III, MADDEN 08, HAZE",MADDEN
6854,1,36101,36,13,1,51,5,9,1,,
919,1,36077,36,17,2,46,5,5,1,"TETRIS, HELICOPTER GAME, ADDICTION SOLITAIRE",
9376,1,36007,36,17,2,58,6,8,1,"SECOND LIFE, WII SPORTS",
12581,1,36017,36,12,1,42,5,6,1,"NEED FOR SPEED, TRANSFORMERS, MARIO PARTY IV",OREGON TRAIL
5325,2,55063,55,17,1,50,6,6,1,"CALL OF DUTY 4, GRAW 2, MEDAL OF HOHOR",NUMBER MUNCHERS
17355,2,55063,55,12,2,31,5,5,1,"DANCE DANCE REVOLUTION, GUITAR HERO",SCIENCE
69,2,55021,55,16,2,45,3,4,1,"DANCE DANCE REVOLUTION, GUITAR HERO",GAME ABOUT HEALTHY FOODS
16892,2,55025,55,14,2,41,7,7,1,,
17755,2,55025,55,14,2,45,6,8,1,,
13294,1,34001,34,12,2,38,4,4,1,"SUDOKU, SMILEY BALL, TETRIS",
2500,1,34021,34,12,1,47,6,8,1,"NEED FOR SPEED, TONY HAWK",
17219,1,34001,34,12,1,45,4,6,1,"MADDEN, HOCKEY, THE WII",
13945,1,42095,42,15,2,37,3,2,1,"TONY HAWK, GRAND THEFT AUTO, TRUE LIFE",
1957,1,42077,42,15,1,46,3,5,1,"MADDEN FOOTBALL, BIG GAME HUNTER, HOCKEY GAME",FOR GOVERNMENT PROJECT
5169,1,42017,42,16,1,56,7,6,1,"MADDEN, AMPED, NEED FOR SPEED",
17358,1,42091,42,13,2,49,7,7,1,"GUITAR HERO, DANCE DANCE REVOLUTION, POKEMON",
2806,1,42045,42,17,1,47,5,4,1,MADDEN,
2807,1,42011,42,13,2,44,2,1,1,"RESIDENT EVIL, THE BRATZ, ANIMAL CROSSING",
18071,1,42089,42,15,2,47,6,7,1,GUITAR HERO,
17240,1,42045,42,17,2,50,6,9,1,"TETRIS, JEZZ BALL",
2291,1,42011,42,15,1,55,6,6,1,"HALO 3, NEED FOR SPEED TOKYO DRIFT",
18545,1,42011,42,13,1,32,5,4,1,CALL OF DUTY 04 |LENGEND OF ZEDLA GUITAR HERO 03,
2528,1,42011,42,13,1,50,5,6,1,"STRIKE, RESIDENT EVIL",
10602,1,42095,42,17,2,47,5,6,1,"GUTAR HERO, DANCE DANCE REVOLUTTION,  SPYRO THE DRAGAON",
13863,1,42029,42,12,1,37,7,6,1,"HALO3, MADDEN 08, STAR WARS",
8754,1,42091,42,13,1,44,7,8,1,NO FAVORITES,
1096,2,27053,27,16,2,38,3,6,1,MADDEN FOOTBALL,
4091,2,39049,39,15,1,54,6,6,1,"FIFA 2008, NEED FOR SPEED CARBON , NEED FOR SPEED PROSTREET",LEMONADE STAND
938,2,39049,39,16,1,49,5,7,1,"WORLD OF WARCRAFT, HALO 3, GEARS OF WAR",
4066,2,39049,39,12,2,43,6,8,1,,
2865,2,39049,39,15,1,44,6,5,1,"ZELDA: OCARINA OF TIME, HALO 2, SUPER MARIO BROS.",
17227,3,47169,47,16,1,49,6,8,1,"ASSASIN'S CREED, OBLIVION, NCAA 08",
11,3,47187,47,16,1,47,6,9,1,"WORLD OF WARCRAFT, UNTOLD LEGENDS, 300: MARCH TO GLORY",
2006,3,47111,47,14,1,33,1,1,1,"HALO, HALO2, HALO3",IT HAD SOMETHING TO DO WITH GRAPHING
1785,3,47189,47,16,1,37,3,4,1,"STARCRAFT, LORD OF THE RINGS: BATTLE FOR MIDDLE EARTH 2, HALO 2",
2690,3,47189,47,14,1,41,6,2,1,WORLD OF WARCRAFT,
1515,2,26081,26,16,2,49,7,6,1,"SOLITAIRE, TETRIS, COLLAPSE",
10815,2,26067,26,15,2,45,2,3,1,"WORLD OF WARCRAFT,  NARUTO , FULL METAL ALCHEMIST",
11556,2,26081,26,17,2,43,5,6,0,,WE HAD TO MAKE UP A STORY ON AN INTERNET GAME SITE
8558,2,26067,26,12,2,39,5,6,1,"HARRY POTTER GAMES, RUNESCAPE, NBA GAMES",RUNESCAPE
4436,2,26139,26,16,2,51,6,8,1,,
11528,2,26081,26,12,1,36,7,8,1,"HALO 3, MADDEN, ASSASSIN'S CREED",
13331,1,25017,25,12,2,44,7,9,1,"APPLE TO APPLE, WEBKIDS, NEO KIDS",
8653,2,17185,17,16,1,42,6,8,1,"MADDEN, CALL OF DUTY 4, ASSASIN'S CREED","MADDEN, TEST DRIVE, DESSERT STORM"
18194,2,17119,17,14,2,55,4,6,1,"WORLD OF WARCRAFT, SIMS 2, STARCRAFT",
17229,2,17193,17,13,1,46,5,5,1,"FIRE EMBLEM PATH OF RADIANCE, SWORD OF MAN, SUPER ROBOT TAISEN",
9676,2,17033,17,15,1,39,5,9,1,"MAD NO SHAKES, NTAA 06, DIRT TRACK RACING",
1770,2,17119,17,15,2,46,6,3,1,"SOLIATIRE, TETRIS, ZELDA",THE SIMS
2350,2,17119,17,12,1,44,5,8,1,"RUNESPACE, TGAMES (GAME WEBSITE)",
5475,2,17165,17,14,1,34,3,8,1,"NBA, SKATEBOARDING, RACING",
7795,4,6073,6,16,1,42,6,7,1,"RUNESCAPE.COM, DANCE DANCE REVOLUTION, GRAND THEFT AUTO",
12171,2,20125,20,16,2,44,6,7,1,"BEJEWLED, TYCOON",
4376,2,20009,20,13,1,18,2,9,1,"CAPTER LINE RIDER, NCAA 08",
12023,2,20125,20,13,1,31,2,2,1,"HALO 3, WARCRAFT, GAMEBOY POKEMON GAMES",READER RABBIT.
9291,4,4013,4,13,2,33,5,6,1,"HALO 3, GUITAR HERO 2, HALO 1","A MATH GAME, FUN MATH"
6511,4,4013,4,16,2,46,3,4,1,"PUZZLES, SOLITARE",LEMONAIDE STAND
11735,4,4013,4,14,2,99,6,7,1,DK,DON'T KNOW NAME.  IT WAS FOR SCIENCE
17900,4,4013,4,15,2,49,6,6,0,,
17465,4,6037,6,14,1,39,3,4,1,"DRAGON BALL Z 08, NARUTO, SPIDERMAN 02",
17876,4,6037,6,14,2,42,5,2,1,"GUITAR HERO, CALL DUTY 4, NBA BASKETBALL",
12421,4,6037,6,13,2,40,6,8,1,"BLOCKERS, MONOPOLY, LIFE",ROLLER COASTER TYCOON
10126,4,6037,6,12,2,40,6,4,1,"MAPLE STORY, RUNESCAPE, RAGNAROCK",MAPLE STORY
8936,4,6037,6,17,1,36,5,5,1,"MADDEN, NBA, RACHET & CLANK",
19173,4,6037,6,13,1,32,6,4,1,"HALO 3, GUTUAR HERO, RESIDENT EVIL 4",A GAME THAT HELPED YOU WITH MATH
2358,2,17043,17,17,2,48,6,9,0,,
17820,2,17043,17,16,2,45,6,9,1,,
7944,1,36103,36,15,2,62,3,5,1,"HALO 3, HALO 2, BURNOUT",
10652,1,36103,36,12,1,45,7,8,1,"MADDEN 08, NCAA 07, MBL 2K6",MATH BRAIN INTERNET SITE
19118,1,36103,36,15,2,50,7,8,1,"HALF LIFE, THE SIMS, GUITAR HERO",OREGON TRAIL
1195,1,36103,36,15,2,34,5,7,1,THE SIMS,
8876,1,36103,36,17,2,45,3,5,1,"BACKYARD BASEBALL, NBA BASEKETBALL, NFL FOOTBALL",
8880,1,36103,36,15,2,48,6,8,1,"SOFTBALL, BASKETBALL, SCRABBLE",CAN'T REMEMBER
13916,1,36103,36,16,1,51,6,6,1,BASEBALL,
17261,1,36103,36,16,1,50,5,7,1,"SUPER SMASH BROTHERS,  STAR FOX,  SONIC THE HEDGE HOG",
13206,1,36103,36,14,1,34,3,8,1,"CALL OF DUTY 4,  GATE  HILLCON",HALO 3
17473,2,29183,29,16,1,51,5,8,1,"GUITAR HERO, WII SPORTS",
2001,2,19159,19,14,1,43,7,6,1,"RUNESCAPE, BUBBLE TROUBLE, WARCRAFT","SOME PUZZLE GAME, IM  NOT SURE WHAT IT WAS"
3755,2,19007,19,12,2,31,5,6,1,"OREGON TRAIL, CLUE FINDERS, LIBERTY KIDS",CAN'T REMEMBER.
3281,2,19007,19,15,1,37,3,9,1,TEST DRIVE: EVE OF DESTRUCTION,
18206,4,6085,6,16,1,60,7,8,1,"SUPER SMASH BROTHERS, NEO PETS.COM (VARIATION OF TETRIS) GADGADS GAME.",TYPING TUTOR GAME
10472,2,27025,27,14,1,40,7,6,1,"MINIGOLF GAME, DIRT BIKE GAME, SNOWMOBILING GAME",
9702,2,27037,27,14,2,47,6,8,1,"PACMAN, BEJEWLED, TETRIS",CARBON CYCLE
18123,2,27037,27,14,2,41,7,7,1,"MINE SWEEPER, SOLITARE , TETRIS",
9801,2,27037,27,15,2,42,5,8,1,"GUITAR HERO, ROCK BAND",FUN BRAIN MATH GAME
11956,2,27123,27,15,2,43,6,7,1,"NEOPETS, MARIO KART, SURVIVING HIGH SCHOOL",
9326,2,27123,27,12,2,51,5,6,1,,
10065,2,27037,27,14,2,42,7,6,1,NONE,
3652,2,29001,29,12,2,32,3,6,1,"BEJWELED, RUNESCAPE, WEBKINZ",DON'T REMEBER
9254,2,29053,29,14,2,42,5,6,1,"THE SIMS, ROLLERCOASTER TYCOON, ZOO TYCOON",
12093,2,29081,29,15,1,37,6,5,1,"NEED FOR SPEED: CARBON, SHELL SHOCKED, GHOST RECON",
13459,4,6029,6,16,2,40,1,3,1,"DONKEY KONG, JIMMY NEUTRON, PUZZLE GAME",
18602,4,6029,6,15,2,44,3,3,1,RUNESCAPE AND SPIRO,ENGLISH AND MATH GAMES INCREASING KNOWLEDGE
17749,4,6029,6,16,1,46,7,8,1,"GUITAR HERO, HALO, ASSASSIN'S CREED",
601,4,6037,6,15,1,45,1,1,1,"MADDEN, NCAA, FORD RACING",ORGAN TRAIL
1888,3,28043,28,13,1,44,6,7,1,"HALO 3, METROID FUSION, RUNESCAPE",
6136,3,28095,28,13,1,59,2,4,1,"NFL STREET FOOTBALL, NEED FOR SPEED CARBON, NCAA BBALL",
6097,3,28151,28,12,2,30,3,3,1,"SOLITARE, PINBALL",
1358,3,13067,13,12,1,40,7,8,1,"STAR WARS BATTLEFRONT 1, STAR WARS BATTLE FRONT 2, LEGO STAR WARS",
13086,3,13063,13,14,2,49,3,9,1,,
12767,3,13063,13,17,2,47,4,2,1,RACE CAR GAME YOU CAN FIND ON THE INTERNET,
7914,3,13097,13,12,2,35,6,8,1,"WEB KING,",
9276,2,38017,38,14,2,47,6,3,1,"ROLLER TYCOON, SIMS, SOLITARE",
1491,2,38055,38,12,2,43,6,8,0,,
10174,2,38037,38,17,1,38,5,4,1,"PRODJECT EIGHT, GUITAR HERO, MEDAL OF HONOR",WORLD OF EGYPT
18963,2,38003,38,12,1,41,7,7,1,"POKEMON DIAMOND OR PEARL, DRAWN TO LIFE, WII SPORTS",
6022,4,32003,32,14,1,49,3,4,1,"HALO 3, DEVIL MAY CRY 3, NEED FOR SPEED CARBON",WEBSITE WITH A BUNCH OF GAMES
17924,4,32003,32,13,1,32,5,7,1,"WORLD OF WARCRAFT, GRAND THEFT AUTO",
14439,4,32003,32,14,1,52,5,4,1,"PAWN GAME, SOLITAIRE, SCRABBLE",
8938,4,32003,32,13,2,31,5,3,1,"BEJEWLED, WII,  MORTAL KOMBAT",
17896,4,32003,32,17,2,39,5,3,1,"THE SIMS 2, NARUTO, DANCE DANCE REVOLUTION",
11268,4,32003,32,14,1,50,3,4,1,"GEARS OF WAR, SKATE, RAINBOW SIX VEGAS",BRAIN TOP
14735,4,32003,32,17,1,42,5,3,1,"GOD OF WAR, CALL OF DUTY",
1513,3,51059,51,13,1,35,3,3,1,"HALO 3, OVERLORD, GEARS OF WAR",MATH GAMES
6782,3,51107,51,12,2,36,6,5,1,"NANCY DREW, LUXOR, HOLIDAY EXPRESS",
17596,3,51059,51,16,2,49,7,8,1,NO FAVORITE GAMES,
11993,3,51059,51,16,1,45,4,1,1,DK,
11789,3,51153,51,13,2,44,5,8,1,"GIUTAR HERO, THE SIMS, BRAIN AGE",
11509,3,51059,51,17,1,50,7,8,1,"NEED FOR SPEED MOST WANTED, UNDERGROUND 1, UNDERGROUND 2",TRIVIA QUIZ FOR SCIENCE
9070,3,51059,51,13,2,46,3,4,1,"THE SIMS, MIDNIGHT CLUB, ANOTHER SIMS GAME",
18662,3,37119,37,13,2,47,6,7,1,"SIMS, MARIO",TYPING GAME
17528,3,37097,37,12,1,41,6,4,1,"MADDEN, CALL OF DUTY 4, GUITAR HERO",FUN BRAIN STUDY ISLAND
5636,3,37119,37,13,2,37,6,7,1,"RACING GAMES, SPORTS GAMES, DANCE DANCE REVOLUTION",
7910,3,37119,37,17,2,57,3,4,1,"DANCE DANCE REVOLUTION, GUITAR HERO, FINAL FANTASY",
3767,3,37179,37,12,1,44,6,7,1,"TONY HAWK, RATCHET AND CLANK, HALO",MAP QUIZ
1831,3,13237,13,15,2,48,4,7,1,"ZUMA, BOOKWORM, SCRABBLE",EDUCATIONAL
8621,3,13245,13,17,1,50,5,9,1,"MADDEN 08, NFL GAME, NEED FOR SPEED",NO I DON'T REMEMBER
9585,4,6095,6,13,2,37,4,4,1,TAONAGCHEE TOWN,LAB GAME
4877,4,6015,6,17,1,52,6,2,1,"ASSASSIN'S CREED, MADDEN 08",
10948,4,6097,6,15,1,54,7,5,1,"WORLD OF WARCRAFT, ELDERS SCROLLS FOR:OBLIVION",
8665,4,6095,6,17,2,58,7,6,1,"MARIO, ZELDA, HALO",
17736,4,6033,6,17,2,55,5,2,1,"TETRIS, SOLITAIRE, MARIO",
17708,4,6097,6,17,1,46,5,6,1,"PRINCE OF PERSIA, NBA GAMES, RACING GAMES",TYPING CLASSES
10144,2,17031,17,16,1,50,5,8,1,"MADDEN 08, NBA 08, MLB THE SHOW 07",
10165,2,17031,17,15,2,44,3,3,1,"THE SIMS 2, PERFECT DARK ZERO, TETRIS, NEED FOR SPEED",
9777,2,17197,17,15,2,47,7,8,1,"JACK RACING, TAILS OF SYMPHONIS, TAILS OF THE ABYSS",
18945,2,17031,17,17,2,48,6,9,1,"CARD GAME, SUDOKO, BEJEWLLED",ROLLER COASTER TYCOON
8012,2,17031,17,15,1,37,5,7,1,"ENTER THE MATRIX, KNIGHTS OF THE OLD REPUBLIC, BLACK",
9362,2,17031,17,14,2,38,5,4,1,"MORTAL KOMBAT, GRAND THEFT AUTO, BURNOUT",
18950,2,17031,17,12,2,44,6,2,1,"MARIO AND SONIC AT THE GAMES, INTENDOGS, AND MARIO PARTY DS",CARMAN SANDIEGO
10805,2,19119,19,13,2,47,2,4,1,"TRUTH OR DARE, THE SIMS, MONOPOLY",FUN BRAIN
12086,2,19143,19,17,2,55,7,6,1,,
5409,2,19155,19,15,1,33,5,6,1,"HALO, WORLD OF WARCRAFT, NEED FOR SPEED",WORLD OF WARCRAFT
17684,3,48201,48,16,1,46,4,2,1,"MADDEN, NBA LIVE, NCAA",
2959,4,6059,6,16,1,43,4,3,1,"BATTLEFIELD, WORLD OF WARCRAFT, SUPER SMASH BROTHERS",
18610,4,6059,6,12,2,44,4,6,1,"TADS, BARBIES FASHION SHOW, LITTLE PET SHOP",
17746,4,6059,6,17,1,47,1,9,1,,
19188,4,6059,6,14,1,48,5,6,1,"WII SPORTS, SUPER MARIO GALAXY, GUITAR HERO",
17658,2,55137,55,13,1,36,3,6,1,"SCARFACE, NEED FOR SPEED CARBON, GUITAR HERO 3",
18975,2,55135,55,14,1,46,3,7,1,"GUITAR HERO, MADDEN, NHL",
1901,2,55091,55,12,2,40,4,6,1,"TETRIS, CALWONDER, COLLASPE",DON'T REMEMBER
2348,2,55099,55,15,2,46,3,4,1,"THE SIMS, GRAND THEFT AUTO, COLLEGE FOOTBALL",MATH GAMES
9543,2,55141,55,16,1,50,6,7,0,,
8068,2,55073,55,16,1,41,3,7,1,"SUPERMARIO GALAXY, MADDEN,",
12687,2,55107,55,15,1,46,3,6,1,"MADDEN 08, GUITAR HERO, HALO 3",
2309,1,36029,36,15,2,44,6,7,1,,
18445,1,36029,36,13,1,38,5,7,1,"NHL 2006, THE WII SPORTS, AND DRIVER III",MATH GAMES
11323,1,36013,36,13,1,31,3,5,1,"NBA, NFL, NEED FOR SPEED",
14154,1,36063,36,17,2,35,6,6,0,,
6750,1,36029,36,16,1,46,5,1,1,"FINAL FANTASY, MADDEN, TONY HAWK PRO SKATER",
14073,1,42133,42,13,1,44,6,7,1,"MEDAL OF HONOR FRONTLINE, NEED FOR SPEED UNDERGROUND 2, NEED FOR SPEED CARBON",
4145,1,42133,42,15,1,31,6,7,1,"MADDEN NFL 2008, BASKETBALL",
17548,1,42071,42,16,2,56,6,8,1,SOLTAIRE,
17634,1,42001,42,16,2,50,5,5,1,"RESIDENT EVIL, MEDAL OF HONOR, GRAND THEFT AUTO",
13765,1,42071,42,16,1,45,5,6,1,"NEED FOR SPEED, MADDEN, NBA LIVE",
10655,1,42133,42,15,1,34,6,3,1,"GRAND THEFT AUTO, RUNESCAPE, GUITAR HERO",I CAN'T THINK OF THE NAME-SOME TYPE OF MATH GAME
12903,1,42055,42,17,2,47,6,6,1,"MARIO GALAXY, METROID, ZELDA",
6259,1,42043,42,12,1,57,2,7,1,"MADDEN 07, NCAA 08, HALO 3",
6384,1,42055,42,15,1,42,3,7,1,"WAR ROCK, CALL OF DUTY 4, GUITAR HERO 3",
7235,1,42001,42,13,2,37,3,7,1,"GUITAR HERO, MONKEY BALL, SNOWBOARDING ADVENTURE",DON'T REMEMBER
17532,1,42055,42,12,1,41,3,5,1,"RUNESCAPE, POKEMON GAMES, AGE OF EMPIRES",
12597,1,42133,42,13,2,45,5,4,1,BOARD CARD AND OUTSIDE GAME,
9990,1,42133,42,14,1,48,3,6,1,"RUNESCAPE, WORLD OF WARCRAFT",
17899,1,36005,36,12,1,49,3,9,1,"POKEMON, MAPLE STORY, POKEMON (ANOTHER ONE)",
598,1,36081,36,12,1,32,3,9,1,"NBA 07, MADDEN 07",FUN BRAIN
18643,1,36047,36,13,2,30,5,6,1,,
3843,1,36005,36,17,1,42,3,2,1,,
6670,1,36081,36,17,2,42,5,3,1,"SOLITAIRE, FREE CELL, THE SIMS",
7901,1,36081,36,12,1,40,6,6,1,"HALO 3, ASSASSIN'S CREED, SMACK DOWN VS.RAW 2008",
17530,1,36005,36,14,2,49,2,1,1,"GRAND THEFT AUTO, HALO, THE SIMS",SOLITAIRE
17679,1,36005,36,16,1,41,5,7,1,"HALO 1, HALO 2",
7373,1,36005,36,13,1,39,3,5,1,"BASKETBALL, STREET FIGHTER, MORTAL KOMBAT",FAMILY FUED
11782,1,36047,36,16,1,42,3,1,1,GRAND THEFT AUTO,IMAGINING OBJECTS FOR A CLASS
11748,1,36081,36,16,1,36,2,7,1,"HALO 3, NBA STREET: HOMECOURT, NEED FOR SPEED: MOST WANTED",NO RESPONSE
17988,1,36085,36,13,1,54,3,7,1,"RESIDENT EVIL 4, .HACK, ORIGANL MARIO",
9141,4,8041,8,12,2,35,5,1,1,"SPLINTER CELL, SPIDERMAN, LEGO STARWARS EPISODE 1-3",
1937,4,8089,8,14,1,38,6,8,1,DK,
18014,4,8041,8,14,2,40,6,5,0,,
18055,4,8041,8,15,2,55,7,7,1,"ZELDA, MARIO AND GRETZY & NHL",
13262,4,8041,8,12,1,39,5,8,1,"HALO 3 ASSASSIN'S CREED, SKATE",
9285,1,42129,42,15,1,40,3,4,1,"RESIDENT EVIL 4, NEED FOR SPEED CARBON, CALL OF DUTY 3","HANGMAN, BATTLESHIP"
13709,1,42007,42,16,1,48,4,6,1,"MADDEN, NHL 2008, GRAND THEFT AUTO",LEMONADE STAND
5822,1,42051,42,13,2,33,4,2,1,"THE STRATEGY GAME, THE PUZZLE GAMES AND THE EDUCATIONAL GAMES THAT YOU HAVE TO FIGURE OUT, I DON'T K",
6354,1,42051,42,14,2,42,3,7,1,"GUITAR HERO 1, GUITAR HERO 2, GUITAR HERO 3",COCO GOES TO HER GRANDMA
6761,1,42019,42,12,1,42,6,8,1,"GUITAR HERO III, MADDEN, HALO",GIZMOS AND GAGETS
4967,3,12103,12,12,2,36,6,6,1,TYCOON ZOO,BRAIN POP
2905,3,12103,12,17,1,55,5,6,1,"MADDEN, HALO, MLB",
6932,3,12103,12,12,1,44,5,7,1,"STAR WARS BATTLEFRONT 2, DEFEND YOUR CASTLE, DRAGON BALL Z 3",CITY CREATOR
877,3,47183,47,16,1,50,3,9,1,"GUITAR HERO, MADDEN, AND NCAA",
6352,1,34023,34,17,1,57,6,8,1,"GRAND THEFT AUTO: SAN ANDREAS, BATTLEFIELD 2, PROJECT GOTHAM RACING 2",
3077,1,34023,34,13,2,42,5,5,1,"SNOWBOARDING, DEAL OR NO DEAL",UNBRAIN
8778,1,34023,34,15,2,42,7,7,0,,
18508,1,34025,34,16,1,52,3,7,1,CALL OF DUTY4 ROCK BAND MARIO PARTY8,
11314,1,34029,34,16,2,53,5,9,1,"SOLITAIRE, NO OTHER GAMES ON A COMPUTER",
4296,1,34039,34,13,1,42,7,8,1,"WORLD OF WARCARFT, HALO 3, RED ALERT 2",
4001,1,34023,34,16,2,50,7,8,1,,
18368,1,34023,34,15,2,55,9,9,1,"GUITAR HERO, DANCE  DANCE REVOLUTION, AND UM SIMS",
5759,1,34025,34,12,1,48,6,8,1,,
3565,1,34023,34,16,1,45,6,7,1,,
11474,1,34029,34,15,1,35,6,8,1,"MADDEN, NBA LIVE, CALL OF DUTY 4",DON'T KNOW
18344,2,26163,26,12,1,46,3,4,1,"HALO, HALO 2, HALO 3",
18366,2,26163,26,15,1,31,5,5,1,"XMEN GAME, FINAL FANTASY,SOLTAIRE",
13056,2,26163,26,17,1,35,2,3,1,"WORLD OF WARCRAFT, HALO 3, GRAND THEFT AUTO",
9749,2,26163,26,16,2,45,5,8,1,"GUITAR HERO, DANCE DANCE REVOLUTION",
18328,2,26161,26,15,2,53,7,8,1,JETMAN,
8610,2,39101,39,17,1,47,5,3,1,"ZELDA, NEED FOR SPEED, RESIDENT EVIL",
2256,2,39129,39,17,2,52,2,4,1,"TETRIS, PACMAN, BEJEWELED",
18352,2,39013,39,12,2,58,3,3,1,BAKETBALL RACINNG MADDEN,
18279,2,39089,39,17,1,48,6,8,1,"MADDEN, DDR, NEED FOR SPEED",
13284,3,51550,51,14,2,34,4,8,1,"GUITAR HERO, GUITAR HERO II, GUITAR HERO III: LEGENDS OF ROCK",FLING THE TEACHER...A GAME ABOUT CIVICS.
6479,3,51093,51,13,1,48,6,8,1,"GUITAR HERO 3, MADDEN 2008, HALO 3",
4992,3,51700,51,16,1,47,3,8,1,"CALL OF DUTY 4, HITMAN, OBLIVION",
6044,3,51550,51,14,2,44,3,9,1,"SOLITAIRE, SPIDER, MATH FOOTBALL GAME",MATH FOOTBALL
11202,3,51810,51,17,1,45,7,6,1,"ASSASSIN'S CREED, DEVIL MAY CRY, RISE OF NATIONS.",
4963,3,51650,51,16,1,42,6,7,1,"MADDEN 07, SUPER SMASH MELEE, WII SPORTS",KEYBOARDING SKILLS 2000
11750,3,51700,51,13,2,48,7,8,1,"SOLITAIRE, MARIO, SOME SPORTS, ANYTHING THAT HAS TO DO WITH SPORTS",
18329,3,51199,51,16,2,49,5,6,1,"CHECKER, REVERSEE",
8572,3,51800,51,13,1,42,5,6,1,"MADDEN, GRAND THEFT AUTO, NBA LIVE",
9633,4,6071,6,17,1,45,5,7,1,"GUITAR HERO I, GUITAR HERO II, GUITAR HERO III",
7327,4,6065,6,16,1,47,5,6,1,"ASSASIN'S CREED, HALO 3, KINDOM HEARTS",
18620,4,6065,6,13,2,35,6,3,1,I DON'T REALLY HAVE ANY,
10226,4,6025,6,12,2,44,5,4,1,NONE,
18619,4,6073,6,14,1,35,5,6,1,"GUITAR HERO, HALO 3, RUNESCATE.COM",
1909,4,6071,6,17,2,38,2,9,1,,
4857,4,6073,6,12,2,21,2,9,1,"BARBIE, HANNAH MONTANA, THAT'S SO RAVEN",
18933,4,6073,6,16,1,52,6,8,1,"DANCE DANCE REVOLUTION, FINAL FANTASY 11, WARHAWK",
12223,4,6025,6,13,1,32,3,3,1,"WORLD OF WAR CRAFT, RUNESCRAPE, TERRITORY WARS",RAP
19155,4,6071,6,13,2,35,6,8,1,"WII SPORTS, WII PLAY, HALO 3",
13446,2,27053,27,12,2,37,5,4,1,CLUB PENGUIN,
6871,2,27171,27,12,2,45,5,6,1,GUITAR HERO,
4198,2,27053,27,13,1,49,6,6,1,"COMMAND AND CONQUER RED ALERT URI'S REVENGE, CLUE, CENTIPEDE","IT WAS A GAME WHERE YOU HAVE TO LIVE LIFE AS IF YOUR GROWN UP AND HAD A JOB, IT WAS SOME KIND OF SIMULATION GAME"
19184,2,27053,27,17,2,50,3,5,1,SUPER MAIO,
8077,2,27003,27,12,1,42,5,6,1,"HARVEST MOON, WONDERFUL: SPECIAL ADDITION, FUTURE TOOLS OF DESTRUCTION",MEDIA LITEREACY GAME
18367,2,27003,27,15,1,31,5,8,1,"HALO, ATV OFF ROAD SERIES MLB BASEBALL",OREGON TRAIL
18387,2,18023,18,16,2,37,5,1,1,GUITAR HERO AND THE WII,
18351,2,18035,18,16,2,75,3,1,1,,
10649,2,18065,18,17,2,36,1,5,1,"TETRIS, THE SIMS, GUITAR HERO",
18236,2,18139,18,12,2,45,5,1,1,"TWISTER, DEAL OR NO DEAL, AND GAMES ON THE COMPUTER, TV SHOW GAMES ON THE DISNEY CHANNEL, LIKE CODY-",
3140,2,18095,18,12,1,43,5,6,1,"SCARFACE, GRAND THEFT AUTO: SAN ANDREAS, GRAN TURISMO",BOARD GAME IN HEALTH
6362,2,18047,18,16,1,41,3,8,1,"RESIDENT EVIL, GUITAR HERO, GRAND THEFT AUTO",
497,2,18161,18,13,1,47,3,7,1,"STAR WARS, CABELA'S AFRICAN SAFARI, ATV OFF ROAD FURY",
5031,2,18035,18,15,2,39,7,5,1,"ZELDA, CHESS, OTHELLO",
10310,2,18135,18,13,1,43,3,3,1,"MADDEN 08, HALO 3, NHL 2K7",
3787,2,18171,18,14,1,48,7,9,1,,
18300,3,13255,13,17,1,45,3,8,1,"NCAA 08, NFL BLISS, MIDNIGHT CLUB",
18314,3,13297,13,12,2,49,2,6,1,,
4558,3,13135,13,15,2,40,7,7,1,,
7484,3,13135,13,12,2,44,6,8,1,"TETRIS, GUITAR HERO, BEJEWELED",
13539,3,13233,13,16,2,48,5,7,1,"GUITAR HERO, ROCK BAND, ASSASIN'S CREED",
6344,3,13135,13,12,1,46,6,9,1,"MADDEN 07, NBA LIVE 08, MARIO AND SONIC AT THE OLYPMIC GAMES",BUILD A FISH
10907,3,13117,13,15,2,48,6,8,1,MARIO PARTY,
5920,3,13151,13,16,1,36,7,8,1,"SUPER SMASH BROS, GEARS OF WAR, DANCE DANCE REVOLUTION",DNA SCRAMBLE
18652,3,13135,13,14,2,50,7,3,1,"THE SIMS, EA BASEBALL GAME",
10557,3,12111,12,15,1,42,6,7,1,"FINAL FANTASY, HALO 2, HALO 3, WORLD OF WARCRAFT",KEYBOARD TYPING GAME
12522,3,12111,12,16,2,46,3,6,1,"NEED FOR SPEED, MARIO, SMASH BROTHERS",
4396,2,17031,17,15,1,37,6,3,1,"GRAND THEFT AUTO, MADDEN, NBA 2K SERIES",
14221,2,17031,17,15,1,56,4,9,1,BURNOUT,FRENCH
56,1,25021,25,13,2,36,5,6,1,"SSX TRICKY, THE HOOKUP, DANCE DANCE REVOLUTION",
1651,4,32005,32,15,2,48,3,8,1,"SOITAIRE, TETRIS, GUITAR HERO",GAMES ON THE INTERNET
19065,4,32019,32,15,1,40,3,6,1,"NFL BLITZ, FINAL FANTASY, GUITAR HERO","A GAME FOR SPANISH, A WORD MATCHING THING"
2892,4,32031,32,17,1,41,2,9,1,"MARIO, BRAINQUEST",GO VENTURE
1490,4,32031,32,12,2,32,1,2,1,"BATTLE BEATLE, TETRIS, PAC-MAN",
11672,1,25017,25,15,1,46,5,8,1,GUITAR HERO,GREEN BLOB FOR MATH TO DETERMINE THE RADIUS OF THE GREEN BLOB. X=..EQUATION. HOW BIG OR SMALL THE CIRCLE WAS.
9933,1,25017,25,13,2,31,5,9,1,"DANCE DANCE REVOLUTION, GUITAR HERO, MADDEN SPORTS GAMES",
3838,1,25023,25,17,2,42,6,9,1,DK,
6881,1,25023,25,12,1,45,6,8,1,"CALL OF DUTY 4, MADDEN 08, NHL 08",
2987,2,20177,20,17,2,44,5,2,1,"MEGAMAN BATTLE NETWORK, MARIO GOLF, METEOS",
12692,2,20149,20,15,2,49,5,9,1,"MINESWEEPER, SOLITAIRE, SPEED RACER",OREGON TRAIL
19101,2,20161,20,17,2,38,7,4,1,"ZELDA, MARIO, AND FINALY FANTASY",
10177,4,49049,49,13,1,49,5,7,1,"SPORTS GAMES, FIRST PERSON GAMES",
18636,4,49057,49,16,1,41,5,6,1,PAINT BALL,ROLLER TOAST TYCOON
12047,4,49035,49,14,2,49,4,1,1,"WORLD OF WARCRAFT, RUNESCAPE, CRASH BANDCOOT",
11416,4,49049,49,17,1,37,6,8,1,"MADDEN O8, HALO 3, NBA LIVE 2008",
6214,4,49035,49,15,2,39,3,6,1,,
19030,4,49011,49,16,1,99,6,5,1,"HALO 2, CALL OF DUTY, LEMMINGS",
6974,4,49035,49,17,1,49,6,8,1,"MARIO KART, DIDDY KONG RACING, ZELDA",ROLLER COASTER TYCOON
18703,4,49035,49,14,1,51,5,7,1,"MONSTER HUNTER FOR PSP, SOCOM, OBLIVION",KEYBOARDING
2671,4,49057,49,15,1,40,5,8,1,"STARWARS: BATTLEFRONT 2, HALO 2, GHOST RECON",
1498,4,49057,49,17,2,44,7,8,1,"BEJEWLED, BUBBLES",
18704,4,49049,49,16,1,31,7,9,1,"NBA LIV 2008, FIFA 08, TIGER WOODS PGA GOLF NBA LIVE, FIFA 08, TIGER WOODS PGA GOLF",
9626,4,49049,49,13,2,46,5,7,1,SOLITAIRE,
10766,4,49049,49,13,2,38,6,5,1,I DON'T KNOW,OREGON TRAIL
9629,4,49049,49,17,2,49,6,7,1,"KINGDOM HEARTS, DARKEST FAIRY, ARCADE GAMES",
11071,4,49049,49,14,1,72,2,1,1,"GRAND THEFT AUTO: SAN ANDREAS, TONYHAWK, GUITAR HERO",CUP STACKING
6578,4,49011,49,14,2,43,3,7,1,"GUITAR HERO, DANCE DANCE REVOLUTION, 2 MOONS",
9512,4,49035,49,14,2,52,6,9,1,"GUITAR HERO, DANCE DANCE REVOLUTION, MARIO PARTY",SIM TOWN AND SIM CITY
8291,4,49035,49,13,2,42,4,8,1,"TYCOON, HAPPY FEET, GUITAR HERO",
18775,1,50027,50,15,2,56,7,7,1,"WORD GAMES LIKE SLIPWORDS, SODUKO, AND SCRABBLE",
10001,3,45037,45,13,1,34,2,4,1,"SMACK DOWN VS. RAW 2008, MLB SLUGFEST 2006, MADDEN 08",MICROTYPE
9740,3,45091,45,13,1,36,3,6,1,"TONY HAWK PROVING GROUNDS, MIDNIGHT CLUB THREE",
2541,3,45055,45,17,1,55,6,5,1,"BATTLEFIELD 2, SPORTS GAMES",
2252,3,45055,45,13,1,43,6,8,1,"MADDEN FOOTBALL, COLLEGE FOOTBALL, GUITAR HERO",A READING GAME
7930,3,45085,45,16,2,60,5,8,1,"BEJEWELED, THE SIMS 2, GRAND THEFT AUTO",SCAVENGER HUNT
4340,3,45075,45,14,1,60,3,2,1,"GODFATHER, NEED FOR SPEED, GRAND THEFT AUTO: SAN ANDREAS",NEED FOR SPEED
7243,3,45079,45,16,1,46,6,7,1,"WORLD OF WARCRAFT, HALO 2, KINGDOM HEARTS",
18722,3,45079,45,16,1,50,6,8,1,"GUITAR HERO, UMM MCAA FOOTBALL, SIMS","A GAME WHERE YOU LEARN SOMETHING, I HAVE NO IDEA WHAT THE NAME IS"
7278,3,51041,51,16,2,45,5,6,0,,
19216,3,51087,51,15,1,42,6,7,1,"BASKETBALL, FOOTBALL, DODGEBALL",ON LINE VIRTUAL GAME - CHEMICAL LAB
19218,3,51760,51,16,2,48,6,8,1,"DANCE DANCE REVOLUTION, GIUTAR HERO,  KARAOKE",
10858,3,51041,51,17,2,54,6,7,1,"MARIO KART DOUBLE DASH, TONY HAWK PRO SKATER, SONIC",
3629,3,51007,51,17,2,53,5,8,1,"THE SIMS, SOLITAIRE",
8328,3,51041,51,15,2,53,6,8,1,"ROLLERCOASTER TYCOON, SUPER MARIO, TONY HAWKS SKATER GAMES",
18761,3,51085,51,15,1,49,5,8,1,"HALO, GUITAR HERO 3, ROCK BAND. (HALO 2)",
5295,3,51119,51,17,2,55,3,9,1,"GUITAR HERO, THE SIMS, GRAND THEFT AUTO",
5756,3,51036,51,15,2,45,3,3,1,,HISTORY I DONT REMEMBER THE NAME BUT IT WAS SOME TYPE OF HISTORY GAME THAT WAS ABOUT GOING AROUND THE WORLD
2805,3,51085,51,12,1,39,7,9,1,"NFL STREET 3, FUN BRAIN, SIMPSONS MOVIE",FUN BRAIN
9816,4,6079,6,16,1,46,3,7,1,"MADDEN, MX VS ATV UNLEASHED",
18957,4,6111,6,13,2,44,5,7,1,"GUITAR HERO, TONY HAWK (SERIES), GRAND THEFT AUTO",
18727,4,6111,6,13,2,45,7,9,1,,
18956,4,6079,6,17,2,40,5,8,1,"WORLD OF WARCRAFT, THE SIMS 2, ANIMAL CROSSING",
8208,4,6079,6,17,2,39,3,2,1,"THE SIMS, TEKKEN 3, PAC-MAN",
419,4,6083,6,16,2,52,5,6,1,"TETRIS, SOLITAIRE, DANCE DANCE REVOLUTION",
5605,2,26147,26,14,2,41,3,3,1,"DANCE DANCE REVOLUTION, HARRY POTTER, CRASH BANDICOOT",
688,2,26087,26,17,1,44,6,8,1,"DOOM 3, HALO 3, THE DARKNESS",BRAINWORK.COM
6935,2,26147,26,15,1,58,5,6,1,"ALL THE SPORTS GAMES, HALO,  ALL NEW GAMES THAT JUST CAME OUT",
2904,2,18167,18,12,1,50,6,5,1,"HALO 2, SUPER SMASH BROTHERS, NARUTO",
2512,2,18167,18,15,1,77,3,9,1,"GOD OF WAR, MARK OF KRI, WORLD OF WARCRAFT",
11677,2,18071,18,15,2,47,3,2,1,"GUITAR HERO, MARIO, TETRIS",
10566,2,18137,18,16,1,54,6,8,1,"CALL DUTY 2, GUITAR HERO 2, ROCK BAND",
6162,2,18031,18,17,1,39,3,3,1,"FINAL FANTASY, BLACK, CALL OF DUTY 4",SCIENCE PUZZLE GAME
4394,2,18031,18,16,2,54,5,3,1,TETRIS,
5857,2,18037,18,16,1,55,3,6,1,"COUNTERSTRIKE, WARCRAFT 3, WORLD OF WARCRAFT",
7968,2,18105,18,16,1,55,6,6,1,"FIFA 2007, BASEBALL GAME, MARIO",
18920,2,18175,18,13,2,41,7,8,1,"GUITAR HERO, DANCE DANCE REVOLUTION, TENNIS ON THE WII",TYPING GAME... ABC ARCADE 3D LOGIC...
2575,2,18173,18,16,1,49,7,5,1,ROLLER COASTER,
18845,2,18043,18,17,1,48,7,7,1,"GUITAR HERO, CALL OF DUTY, COUNTERSTRIKE",
18805,2,18175,18,14,2,38,5,6,1,CLUB PENGUIN,ZOO TYCOON
5966,3,12057,12,13,1,43,3,7,1,DK,EXPEDITION EXPLORER
2406,3,12057,12,13,1,60,6,9,1,"HALO 3, DIRT, GEARS OF WAR",
14517,1,42033,42,13,2,48,3,5,1,"SUPER MARIO 3, NARNIA, YUOHSEE ISLAND",
18825,1,42121,42,14,2,47,5,6,1,"ROLLER COASTER TYCON, SOLITARE, ZOOMBINIS",
5542,1,42111,42,14,1,44,3,4,1,"HALO 3, CALL OF DUTY 4, ASSASIN'S CREED",STUDY ISLAND
5506,1,42049,42,16,2,39,2,5,1,TETRIS,
7404,1,42049,42,16,2,45,6,7,1,"DANCE DANCE REVOLUTION, GUITAR HERO, BEJWELED",WE PLAYED DDR IN GYM CLASS
8773,1,42021,42,17,1,39,5,6,1,"MADDEN, HALO, GUITAR HERO",
8428,1,42021,42,17,2,43,5,6,1,"DANCE DANCE REVOLUTION, SOLITAIRE, SOME FIGHTING GAME IM NOT SURE THE NAME OF","IT WAS A MATCH GAME, NUMBER MUNCHERS"
11802,1,42021,42,14,2,40,5,7,1,,
12885,2,17197,17,16,2,44,5,8,1,"GUITAR HERO, THE SIMS, DANCE DANCE REVOLUTION",
13373,2,17197,17,13,1,31,3,6,1,"SPORTS, RACING, SURVIAL HORROR GAME",
11969,2,17111,17,12,2,45,4,9,1,"DOUBLE TROULBE, FLIP WORDS, JIG SAW PUZZLES","MATH GAME, BUT I DON'T REMEMBER THE NAME"
5431,2,17085,17,15,2,35,5,9,1,GUITER HERO,
9930,2,17037,17,15,1,39,5,8,1,"STAR CRAFT, RATCHET & CLANK, DYNASTY WARRIORS",
10975,2,17037,17,15,2,45,6,8,1,SOLITAIRE,
18709,2,29021,29,16,1,43,5,7,1,"GUITAR HERO, MARIO AND SONIC OLYMPICS FOR THE WII, FIFA 08",
5677,2,29037,29,12,2,33,5,4,1,"RUNESCAPE, THE SIMS, SOUL CALIBUR",
51,2,29095,29,16,2,50,7,8,1,"GUITAR HERO, WII BOWLING, HALO 3",
9255,2,29047,29,15,1,35,5,7,1,"ASSASSIN'S CREED, TONY HAWKS AMERICAN WASTELAND, GUITAR HERO",TEACHING HOW TO TYPE
7733,2,29177,29,17,1,48,4,6,1,"HALO, GUITAR HERO, NEED FOR SPEED: CARBON",
14334,2,29095,29,16,2,41,6,6,1,"GUITAR HERO 3, PRO STREET NEED FOR SPEED, JUICED 2",
5851,2,29095,29,16,1,52,6,7,1,"GEARS OF WAR, ASSASIN'S CREED, HALO 3",
2389,3,48439,48,16,2,41,6,9,1,DK,
4787,3,48439,48,13,1,39,3,7,1,"TONY HAWK PROSKATER, GUITAR HERO, ZELDA",
3673,3,48439,48,17,1,49,6,7,1,"CALL OF DUTY 4, HALO 3, GUITAR HERO 3",
2755,3,48439,48,17,2,51,5,8,1,"TETRIS, SIMS 2, GUITAR HERO",DON'T REMEMBER
3678,4,6037,6,17,2,47,7,8,1,"SUPER MARIO GALAXY, SUPER SMASH BROTHERS MELEE, TALES OF SYMPHONIA",
11671,3,37021,37,15,2,47,7,8,1,TETRIS,IT WAS A CROSSWORD PUZZLE GAME
7242,3,37173,37,16,1,54,3,3,1,"ACE COMBAT SERIES, HALO SERIES, ASSASSIN'S CREED",MATHEMATICAL GAME
9145,3,37003,37,16,2,39,5,9,1,"SOLITAIRE, CHESS, SOME PAINTING GAME I DONT KNOW WHAT ITS CALLED",
10642,3,37021,37,13,2,24,7,8,1,,
10990,3,37149,37,16,2,50,1,9,1,"GUITAR HERO, NEED FOR SPEED",
12038,3,48259,48,15,2,55,7,7,1,I DON'T KNOW,
11708,3,48259,48,17,2,49,5,9,0,,PHYSICS
13794,3,48163,48,14,1,42,6,7,1,"NCAA 08,  GUITAR HERO, GHOST RECON",JEOPARDY
5675,4,6087,6,12,1,45,7,8,1,"RAYMAN RAVING RABBIDS, GUITAR HERO 3, FIFA 08",ROLLER COASTER TYCOON
18719,4,6069,6,17,2,43,3,8,1,"GUITAR HERO, GRAND THEFT AUTO, I DONT KNOW WHAT ITS CALLED BUT ITS WHOLE BAND, OR U COULD JUST PUT T",
8489,3,45019,45,17,2,42,5,5,1,"FINAL FANTASY, KINGDOM HEARTS, RESIDENT EVIL 4",
18832,3,45067,45,15,1,35,3,1,1,"MADDEN 2008, GRAND THEFT AUTO 2K8",
18819,3,45013,45,14,1,45,6,8,1,"OBLIVIAN, FARCRY, HALO 3",
7469,3,45019,45,17,1,37,5,8,1,"NCAA FOOTBALL 08, HALO 3, FIFA 08",
10534,3,45035,45,12,1,38,2,6,1,"KINGDOM HEARTS 1 KINGDOM HEARTS 2, SUPER SMASH BROTHERS",
10410,3,45035,45,16,1,45,5,2,1,"KINGDOM OF HEARTS, DEVIL MAY CRY 3, FIGHTING GAMES",
11015,1,36027,36,12,1,40,7,2,1,"HALO, FIFA, MADDEN",
6007,2,17031,17,13,1,52,1,7,1,"NEED FOR SPEED MOST WANTED, DRAGON BALL Z, ACE COMBAT 4",
6998,2,17031,17,14,2,53,3,7,1,GRANDSTAND REVOLUTION,
10147,2,17097,17,15,1,46,6,8,1,"TENNIS, NHL, MADDEN 07",
1061,2,17031,17,16,1,45,6,6,1,"HALO 2, NARUTO: CLASH OF NINJA 2, BEJEWELED 2",
7833,2,17097,17,16,1,53,7,8,1,"MADDEN, NEED FOR SPEED, NCAA MARCH MADDNESS",
8816,2,17097,17,14,2,46,5,6,1,THE SIMS,
2520,2,17031,17,12,2,99,3,4,0,,
14115,2,17097,17,14,1,63,7,8,1,"HALO, SKATES, RAINBOW VI VEGAS",
9521,3,12073,12,13,2,49,5,4,1,"PAC MAN, GRAND THEFT AUTO, TETRIS",
1115,3,12091,12,17,1,39,5,2,1,"WORLD OF WARCRAFT, MECHQUEST",FLIGHT SIMULATOR
322,3,12091,12,15,2,39,6,7,1,,
7851,3,12131,12,13,2,32,4,4,1,"RACING, BASKET",PRIMARY GAMES
13120,3,12113,12,15,2,42,2,3,1,"GUITAR HERO, MARIO",
5022,3,12065,12,12,2,50,7,8,1,"LORD OF THE RINGS, KNIGHTS OF THE OLD REPUBLIC, CARMEN SANDIEGO",
13565,1,34015,34,16,2,41,3,6,1,"SOLITAIRE,  THE SIMS 2 CASTAWAY",
3804,1,34007,34,14,1,50,7,7,1,"JAMES BOND, BATTLEFIELD, GUITAR HERO",
2569,1,34005,34,13,2,85,3,2,1,"DANCE DANCE REVOLUTION, GUITAR HERO, NARUTO",SOMETHING ABOUT CIVICS
12406,4,6073,6,14,1,56,6,8,1,NT REALY,
12014,4,6073,6,13,2,35,9,2,1,"SOLITAIRE, SPONGEBOB GAME, UMMM THATS ALL",ITS FOR SCIENCE
3609,3,21117,21,15,2,44,5,5,1,,
6568,3,21173,21,15,1,46,3,4,1,"HALO 2, CALL OF DUTY, HALO 3",
2990,3,21113,21,13,1,42,2,1,1,"DEF JAM VENDETTA, LEGEND OF ZELDA: PHANTOM HOURGLASS, SUPER MARIO BROTHERS","IT WAS RELATED TO EARTHQUAKES, YOU HAD TO MATCH THINGS UP"
694,1,9005,9,14,1,57,2,3,1,"STAR WARS BATTLEFRONT 2, HALO, LAND OF DEAD",I DON'T KNOW IT WAS A MATH GAME
6787,1,9011,9,17,2,44,5,8,1,"DANCE DANCE REVOLUTION, SOLITAIRE, GUITAR HERO",
5028,1,9011,9,13,2,36,3,3,1,"GUITAR HERO, DANCE DANCE REVOLUTION, RACING GAMES",
13383,1,9003,9,15,1,43,6,8,1,"CALL OF DUTY, MADDEN, GUITAR HERO",
10238,1,9003,9,16,2,42,3,6,1,"VMK, KINGDOM HEARTS, HALO",
5504,1,9013,9,15,2,36,4,7,1,"GRAND THEFT AUTO, THE SIMS, DANCE DANCE REVOLUTION",
5908,1,9015,9,14,2,57,7,6,1,"SPIDER, SOLITAIRE, LUXOR",5TH GRADE RESEARCH GAME TO SEE HOW THE GAMES CODES WERE DONE FOR IT
7995,3,12105,12,17,2,43,5,6,1,,
5263,3,12105,12,12,2,45,7,8,1,"MARIO KART, HARRY POTTER, NINTENDOGS","EASY TECH, TYPING GAMES"
6741,3,45007,45,17,2,48,3,7,1,"JEWEL QUEST, SOLATAIRE, COLLAPSE",
13036,3,45045,45,16,2,54,1,3,1,"WORLD OF WARCRAFT, CHICKEN INVADERS , RUSH",
4690,3,45007,45,12,2,47,1,3,1,"PUZZLE GAMES, MYSTERY GAMES, I SPY",I DON'T REMEMBER THE NAME BUT IT WAS A GAME LEARNING ABOUT POLITICS
11209,3,45087,45,14,1,43,6,9,1,"MADDEN, NBA LIVE, MLB",
8612,3,45083,45,16,2,34,6,9,1,"SOLTAIRE, BEJEWLED, THE SILENT HILL GAME",
5032,3,45077,45,17,1,43,5,7,1,MADDEN 08,
4796,3,45077,45,13,2,39,6,9,1,"AGE OF EMPIRES, BOOKWORM",
726,3,45045,45,12,1,51,7,7,1,"MEDAL OF HONOR, CALL OF DUTY, FIELD & STREAM TROPHY BIG GAME HUNTING",
1966,3,47093,47,13,2,43,6,8,1,"BEJEWELED, TIC TAC TOE, DRIVERS ED",
891,3,47009,47,16,1,46,6,6,1,"GUITAR HERO 3, HALO 3, NCAA FOOTBALL 08",
2086,3,47009,47,16,2,46,6,4,1,"WII SPORTS, SOLITAIRE, ROLLER COASTER TYCOON",
1274,3,5109,5,12,1,47,3,5,1,"HALO, MADDEN 07, NASCAR 07",
5706,3,5005,5,17,2,41,6,5,1,"GUITAR HERO, COUNTER STRIKE, HALO",GUITAR HERO.
366,3,5101,5,16,2,40,1,2,1,DK,
9616,3,5027,5,13,2,36,3,9,1,"ATV OFF ROAD FURY, MX UNLEASHED, FORD RACING 2",
14087,3,48037,48,15,2,36,4,6,1,"GUITAR HERO, MARIO, HALO",
2433,3,48067,48,16,1,52,4,7,0,,
2628,3,12003,12,13,1,36,3,2,1,,
8913,3,12031,12,17,2,49,5,4,1,"HALO, KINGDOM HEARTS, SILENT HILL",OREGON TRAIL
2854,3,12019,12,15,2,51,3,7,1,"TETRIS, TONY HAWK, MARIO",
6177,3,12019,12,17,1,50,6,7,1,"HALO 3, FINAL FANTASY, GRAND THEFT AUTO",
15775,3,12019,12,17,2,56,7,8,1,"GUITAR HERO, KINGDOM HEARTS 1,  THE SIMS",
7947,3,12031,12,15,2,44,7,8,1,,
6667,1,34039,34,14,2,44,6,8,1,CAN'T REMEMBER I DON'T REMEMBER THE NAME,
6575,3,37125,37,12,1,50,3,1,1,"NBA, MADDEN",DANCE MAP
2204,3,37051,37,17,1,57,3,3,1,"LMUNEERS, TEKKEN 5, ONIMUSHA DAWN OF DREAMS",
13667,3,37155,37,15,1,46,6,6,1,"HALO, MADDEN, BURNOUT",
12549,3,37047,37,17,2,45,5,8,1,"GUITAR HERO, RATCHET AND CLANK",
8879,3,37019,37,14,1,47,2,1,1,"MADDEN, GRAND THEFT AUTO, NBA LIVE",SUCCESS MAKER
8520,3,37017,37,16,2,46,4,9,1,"SPIDER,SOLITAIRE 2, RESIDENT EVIL 4",ONLINE CHARADES W/EVERYONE
7272,3,37051,37,15,1,38,5,6,1,"DANCE DANCE REVOLUTION, GUITAR HERO 2, RESIDENT EVIL",HALO 2
14035,3,13049,13,13,1,54,3,7,1,"MADDEN, NBA, GRAND THEFT AUTO",
14231,3,13039,13,14,2,44,3,6,1,BEJEWELED,DON'T REMEMBER
9805,2,20103,20,17,1,38,3,7,1,"DRAGON QUEST, DRAGONCONCOCHI, SPORTS",
9323,2,20091,20,13,1,51,6,8,1,"GUITAR HERO, GUILD WARS, HALO 2",
7650,2,20091,20,16,2,40,5,8,1,POKER ONLINE,
12100,2,20091,20,13,1,44,6,6,1,"LEGEND OF ZELDA, SUPER SMASH BROTHER, METROID PRIME 3",
2401,2,20091,20,15,2,44,7,8,1,KINGDOM HEARTS,DRAGON FABLE
7728,1,36119,36,14,1,50,7,8,1,"MARIO GALAXY, METROID CRIME, THE LEGEND OF ZELDA TWIGHLIGHT PRINCESS",
14216,1,36119,36,16,2,52,7,9,0,,
11755,3,48141,48,15,1,51,7,7,1,"HALO 3, MADDED 08, AND GRAND THEFT AUTO",
13473,3,48141,48,12,2,43,5,3,1,"TROULBE, JENGA, MARIO, MONOPLY",
8867,3,48141,48,16,2,44,7,8,1,FINAL FANASTY,
15920,4,6067,6,12,2,35,3,6,1,"DANCE DANCE REVOLUTION, GUITAR HERO, THE SIMS",
3880,4,6067,6,15,2,37,3,8,1,"SSX TRICKY, SUPER MARIO SMASH BROTHERS, MARIO GAMES",
5352,4,6061,6,12,2,61,5,8,1,"SNAKE ARENA, GOD OF WAR, MARIO",
14271,4,6067,6,15,1,36,6,8,1,"GUITAR HERO 3, HALO 3, METAL OF HONOR HEROES",
6979,3,40037,40,16,2,81,3,2,1,"RATATIOULLE, MINESWEEPER, SOLITAIRE",
1316,3,40143,40,15,2,47,7,6,1,"SCRABBLE, BEJEWLED",
11611,3,40101,40,15,1,47,5,6,1,DK,
6919,3,40143,40,15,2,46,6,6,1,"THE SIMS, GRAND THEFT AUTO, DANCE DANCE REVOLUTION",
14669,3,37183,37,13,2,52,6,6,1,"FAMILY FEUD, WHEEL OF FORTUNE, TETRIS",
4338,3,37183,37,16,1,50,6,5,1,"MADDEN 07, HALO, NBA LIVE 08",
13745,3,37183,37,16,1,40,5,6,1,"HALO 3, GRAND THEFT AUTO, SCARFACE",
3228,3,37183,37,15,1,58,7,7,1,"SPIDERMAN 3, FIFA 2006, BEAUTIFUL JOE",
4634,3,37183,37,17,1,51,6,7,1,"COUNTERSTRIKE, ONLINES GAMES",
5729,3,37183,37,16,1,53,5,9,1,"DOOM 3, STATE OF EMERGENY, GUITAR HERO 3",ORGAN TRAIL
4626,2,55055,55,16,2,41,3,5,1,,
4373,2,55117,55,13,2,42,3,6,1,,
9722,2,55139,55,12,1,43,7,8,1,"URBAN SNIPER 2, WORLD OF WARCRAFT, CALL OF DUTY",RECYCLE CITY
9019,2,55139,55,17,1,50,5,6,1,"HALO, TIME WARP, GREG HASTINGS",
3279,4,6013,6,16,2,53,5,4,1,DK,
3452,4,6013,6,14,1,49,7,8,1,"WORLD OF WARCRAFT, RUNESCAPE",
5593,4,4025,4,15,2,44,3,6,1,"PUZZLE GAMES, HALO 3",
6723,4,4001,4,17,2,50,3,2,1,"GRAND THEFT AUTO, NBA BASKETBALL, MOTOR CROSS",COMPUTER GAME FOR READING. UNKNOWN TITLE
13283,4,4015,4,13,2,32,3,7,1,"GUITAR HERO, DANCE DANCE REVOLUTION, MADDEN 08",
6959,4,4025,4,12,1,40,3,6,1,"RATCHET AND CLANK, NBA 2K, FORD RACING",
3894,3,47141,47,12,2,45,6,9,0,,
1891,3,47099,47,15,2,44,4,6,1,"TETRIS, PRINCE OF PERSIA ALL THREE, AND HARRY POTTER",
8034,3,48373,48,12,2,63,3,2,1,,
12370,2,39113,39,13,1,49,3,5,1,"SPADES, NBA 08",MATH GAME
12601,2,39113,39,15,2,53,3,5,1,"GUITAR HERO, ROCKBAND, SIMS",
4730,2,39149,39,17,2,47,5,6,0,,
718,2,39113,39,17,2,50,3,7,0,,
2169,2,39113,39,12,1,43,5,6,1,"NBA, TONY HAWK,  MADDEN",
13084,2,39113,39,13,2,54,5,2,1,"SUPER MARIO,  THE SIMS FAMILY, 3D GOLF",
9981,2,39113,39,14,1,45,6,5,1,"RESIDENT EVIL 4, HALF LIFE 2, DEAD RISING",
5384,3,48485,48,17,1,59,2,2,1,WHEEL OF FORTUNE,
3423,3,48497,48,17,2,51,6,7,1,"TETRIS, ROLLER COASTER TYCOON, MARIO PARTY",
14041,3,12081,12,15,1,42,7,8,1,"NEED FOR SPEED MOST WANTED, RUNESCAPE, CALL TO DUTY",
9133,4,6059,6,13,1,34,7,8,1,"MADDEN, NCAA 06, FIFA",
12200,4,6059,6,13,1,46,5,3,1,"NEED FOR SPEED MOST WANTED, NBA LIVE 08, GRAN TURISMO 5",FUN BRAIN
11939,4,6065,6,14,2,42,5,8,1,"SOLITAIRE, TETRIS, HEARTS",
1913,4,6065,6,15,1,45,6,8,1,"MEDAL GEAR SOLID, SOCOM,DEVIL MAY CRY",
12410,4,6065,6,16,2,37,3,4,1,DK,SOMETHING EDUCATIONAL
12042,4,6065,6,12,2,56,7,6,1,"WEBKINZ, QUEST (LIKE SCRABBLE)",DON'T REMEMBER
9758,4,6065,6,15,2,49,6,8,1,"LEGEND OF ZELDA, GRAND THEFT AUTO",
15184,4,6065,6,15,2,41,5,3,1,"SIMS II, GUITAR HERO, STREET BALL",
12915,4,6065,6,16,2,52,6,8,0,,DON'T REMEMBER
4265,2,27053,27,15,2,46,1,4,1,"GRAND THEFT AUTO, SCARFACE, CARBON",
10635,3,12011,12,12,2,43,7,8,1,"WEBKINZ, MILLSBERRY, CLUB PENGUIN","GLOBAL PRIZE.COM, SCIENCE GAMES"
8856,3,12011,12,13,1,43,6,8,1,"MADDED FOOTBALL 08, GUITAR HERO, FIFA SOCCER",
7324,3,12011,12,13,1,57,5,8,1,"HALO III, CALL OF DUTY, GEARS OF WAR",
8914,3,12011,12,12,1,60,7,9,1,"HALO 3, GEARS OF WARS, CALL OF DUITY 4",
14052,3,12011,12,15,1,26,5,3,1,"GRAND THEFT AUTO, MORTAL kOMBAT, RATCHET AND CLANK",
7545,3,48061,48,14,1,36,2,4,1,"FIFA 08, NEED FOR SPEED CARBON, STAR FOX ADVENTURE",
13779,3,48215,48,15,1,43,5,8,1,"MADDEN, NCAA 08, HALO 3",
7406,3,48215,48,13,2,36,6,4,1,"SUPER SMASH BROTHERS, SUPER MAIRO GALAXY, DANCE DANCE REVOLUTION",IT WAS AN ADVENTURE GAME WITH ANIMALS AND STUFF
12190,3,48113,48,16,2,46,6,8,1,GUITAR HERO,
10151,3,48113,48,15,2,50,7,6,1,"GRAND THEFT AUTO, MARYKATE & ANN ASHLEY, SPYRO",TRIVIA MAGNETIC GAME
6681,3,48085,48,12,1,47,6,7,1,NO GAMES ARE FAVORITE,
10259,3,48113,48,15,1,44,4,3,1,"BASKETBALL GAMES, FOOTBALL GAMES, ADVENTURE GAMES",
5097,3,48085,48,17,2,51,6,9,1,"TETRIS, FROGGER, THE SIMS",
11612,3,48139,48,14,1,42,7,8,1,"STRONG HOLD CRUSADER, WII PLAY, AGENT UNDER FIRE",
9405,1,34027,34,12,2,44,5,8,1,"TETRIS, SURVIVING HS 07, ROLLERCOASTER TYCOON",MATH PROBLEM FLASH CARDS
10054,1,34027,34,15,1,49,5,6,1,"HALO, CALL OF DUTY 4",
8414,1,34013,34,12,2,54,3,3,1,"RACING, PUZZLES, ADVENTURE GAMES",GAME ON THE INTERNET
10356,1,34027,34,16,2,51,5,7,1,"GUITAR HERO, MINESWEEPER, WII SPORTS",SNOW WARS
6716,1,25017,25,17,1,50,6,9,1,"NCCA FOOTBALL, MADDEN 08, JAMES BOND",
1945,1,25009,25,15,1,36,3,4,1,"HALO 2, HALO 3, HALO 1",
940,1,25027,25,16,1,55,2,7,1,"HALO 2, MADDEN 07, WORLD OF WARCRAFT",
580,1,25009,25,16,2,46,6,8,1,"SOLITAIRE, TETRIS",
53,3,48041,48,15,2,46,3,6,1,"MADDEN 07, GRAND THEFT AUTO, SCARFACE",
3403,3,22117,22,16,2,37,3,3,1,"BOOKWORM, BEJEWELED",TYPERSHARK
103,3,22103,22,16,2,45,6,7,1,"MADDEN 07, THE SIMS 2, NCAA FOOTBALL 07",
